,question_0_This post is:,question_1_Total relationship duration,question_2_Current relationship status,question_3_How would you rate the risk level of the woman's relationship based on the information provided in the post?,question_4_Does she mention avoiding social events or outings with friends or family because of him or maybe making excuses for not going out?,"question_5_Does she frequently feel anxious in her interactions with him, as if she needs to be careful with her words and actions?",question_6_Does he frequently make her feel guilty?,question_7_Does he frequently express dissatisfaction with her?,question_8_Does he try to manipulate her?,question_9_Does she feel she doesn't have option to leave him?,"question_10_Has she mentioned feeling like she has to dress, appear or act a certain way to please him?",question_11_Does he exhibit a tendency for angry outbursts?,question_12_Does she ever feel unsafe or threatened by him? Or does it seem evident from the post that he threatened/stalked/harassed her?,question_13_Does she mention that he was physically violent to her?,question_14_Does she mention that he was physically violent towards objects/animals related to her?,question_15_Does she describe verbal violence from her partner? (e.g. name calling/humilation),question_16_Age of female,question_17_Age of male,round_id,index,originalIndex,part,Subreddit,Post time,User Name,title,text,num_comments,score,ups,upvote_ratio,downs,URL,over18,TOXICITY,THREAT,PROFANITY,INSULT,IDENTITY_ATTACK
0,'relevant','1-3 years','partners/married','medium','no','yes','yes','yes','no','no','no','no','no','no','no','yes',28.0,30.0,0,150,217,part3A,relationship_advice,4/28/2023 8:19,Aarie13,Is he (m30) being abusive or am I (28f) too sensitive?,"My partner (m30) and I (f28)  have been clashing lately. For context we live together and have been together around 18 months. I believe that when we disagree, or I bring anything up, things escalate because of the way he treats and responds to me, and I react in kind, and things just go on and on (I have been in toxic relationships in the past and find negativity tough to deal with).

Common examples of things he will say:
'Not everything has to be an issue'
'You're never satisfied'
'Stop playing the victim'
'It's always my fault'
'Why are you still going on and on' (starts 2 mins into a conversation!)
'Stop asking me questions'
'Stop trying to start an argument'
'Why did you do XYZ (I didn't)'
Going through everything that has happened and swerving across topics, we end up getting lost in his version of events - so frustrating! 
Blaming me for things (losing things, something going wrong, any inconvenience)
Swearing
Physically preventing me from being near him (leaving the room, removing my hand if I attempt contact etc etc)

During a disagreement, he ignores me, calls my opinions and points of view 'stupid' and will defend himself and his own standpoint to death - It's like talking to a wall. He will not recognise my opinion and often disagreements are left (in my view) unresolved, because he won't apologise and we never plan for next time, so I don't feel like we're moving forwards in a healthy way. I do apologise, even if I don't fully believe its my fault. I'm a peacemaker and hate bad feeling, I'm also aware I'm not perfect either and want to own my shit. He has admitted he hates confrontation and talking about things.
I find myself getting angrier because I feel ignoring somebody/calling them names/making statements like this is rude and insulting to me. He doesn't agree, and doesn't see how this contributes to our disagreements.

We've had plenty of good times, but I'm not blind and I can see this isn't going well. I do love him very much and I don't believe he is a bad person, and how he reacts is probably product of past experiences but I know people need to want to change to do so - so I feel a bit stuck. He has had bad relationships before and I personally feel his view of women isn't too positive generally. Should I stay or go?

TLDR: when my partner and I disagree, he exhibits behavior that feels wrong/possibly abusive to me, how can I respond, or do I walk away?

Edit: I am not saying I'm physically preventing him from leaving - if he leaves the room he leaves, I don't try to stop him. I do not aggressively make contact either - I may try to touch his arm/hand while expressing my view. I've never hurt him.",15,1,1,0.6,0,/r/relationship_advice/comments/131lirg/is_he_m30_being_abusive_or_am_i_28f_too_sensitive/,False,0.05205809,0.007974415,0.024472807,0.02283525,0.005105704
1,'relevant','0-1 year','separated/divorced','low','no','yes','no','yes','no','no','no','no','no','no','no','no',18.0,19.0,1,151,67,part3A,relationship_advice,4/29/2023 0:54,Curious-Ad-1535,i (f18) cheated on my boyfriend (m19) and i would like advice.,"tldr: i cheated on him with someone he knows. he is willing to give me a second chance but weï¿½re both feeling so lost right now and would like advice to either move on or fix what we had. 

For context, I was dating my boyfriend for about a year, and throughout that year I felt like i really did love him. We had many arguments but we always tried to work past them and communicate in order to make it work for our future. Towards the end of our relationship i felt like he didnï¿½t understand me emotionally anymore, since everytime i wanted to talked to him about a genuine issue i was scared he would blow up on me and get upset. i was scared he would hurt me and start to yell and cuss me out. Many of our arguments were about how I was doing something wrong or something in me needed to change. I felt like i was putting in so much work and trying so hard to be a good enough girlfriend for him, yet i wasnï¿½t seeing anything change from him either. 
He gets stressed out very easily and i thought the difficult conversations would have lead into more arguments that i want to avoid. we ended up not having them and we never talked out my worries and assumptions. it was a lot of assumptions and miscommunication between us that werenï¿½t talked out and resolved. It would have been easier for us to communicate about my problems and issues in person but i was afraid he would blow up on me. It would have been easier for him to comfort me in person as well but we lived somewhat far apart. 
I felt a breaking point and i didnï¿½t know how to bring it up to him because i felt stressed out from finals season and my familial issues. I had a coworker that i was talking to about it all for about two weeks. Within those two weeks i felt like i was emotionally understood. I slept with him once and felt so guilty with myself that i decided to tell the truth to my boyfriend. We broke up because of that. 
My (now ex) boyfriend was willing to forgive me, but he also feels lost about his decision. He is also willing to give me a second chance but i would have to show him that i changed and i would need to build his trust again. iï¿½m grateful heï¿½s going to give me this second chance and i donï¿½t want to mess this up at all. iï¿½m regretful that i did this to him after the promises i made to him. i want to fix it but i donï¿½t want to force him just because he still has feelings for me, but i hurt him so much.",12,0,0,0.33,0,/r/relationship_advice/comments/132ezko/i_f18_cheated_on_my_boyfriend_m19_and_i_would/,False,0.102192536,0.009618527,0.09066332,0.0279513,0.007399572
2,'relevant','0-1 year','friends','low','no','no','no','no','no','no','no','no','no','no','no','no',22.0,29,2,152,190,part3A,relationship_advice,4/28/2023 13:11,THROWRA73738482993,Is my (F22) friend (M29) just a dick?,"Btw, I know I'm reading into it. I overthink social interactions.

TLDR: Friend at training won't spar with me as much anymore.

Initial context. We train Brazilian Jiu jitsu together and have for a couple of months. He's a blue belt, I'm newer. He sends... Weird signals but he's in a relationship. I think he's being hot and cold but idk why maybe hes just is that way. He compliments me a lot and play fights with me (punches). 

Firstly, when I throw a gentle punch at him he usually ignores it. Unless we're sparring. Then he'll smile and maybe send one back. He always stares at me like he wants me to say something even when I have nothing to say. He'll do 'dirty' things when we're training, wait for my reaction and smile. He also talked to me in a really soft voice once when he was teaching me something and we were alone which was really weird. 

A couple of times we've stayed late training together but he won't do that lately. Last session I asked him to spar at the end and he said next time we will have lots of rolls and to hold him to it. Today we had the normal two you would and when I asked later he said no. I didn't push him because if he doesn't want to he doesn't have to. I also joked about him hurting my trachea, but he didn't run with it and just said you should've tapped. Really I had no problem with it but when he was choking me he did put it on too fast.

I think maybe I could be adding to it. I don't want to give him too much attention because I don't want to seem like a loser who can't have fun with other people so sometimes I'll avoid his gaze. Or when he's giving me too much attention I'll back off. I don't want the rejection I suppose. Ive been feeling like he doesn't like me as much lately so I was trying not to smile too much when we were sparring. Am I being childish? Probably. 

I like consistency. But this dude isn't consistent at all. Should I stop being friends with him? Or try to not let him effect how I feel as much?",11,0,0,0.33,0,/r/relationship_advice/comments/131rbxg/is_my_f22_friend_m29_just_a_dick/,False,0.2330714,0.13599728,0.22542313,0.043250903,0.041003603
3,'relevant','0-1 year','unclear from the post','low','no','no','no','no','no','no','no','no','no','no','no','no',26.0,27.0,3,153,112,part3A,relationship_advice,4/28/2023 21:10,artthow,(27M) won't take no for an answer. I (26F) just don't want to date him or be friends.,"I gave him my number on Easter when I walked in the store, he was working and asked me for it. I liked his personality, not physically attracted to him though. Since then, I gave him my Instagram and went on a date and talked a lot with him. I don't want to continue anything with him anymore though and have told him twice in lengthy messages. Because I'm so busy with my life and possible future dating, he doesn't need to be a part of that. What wife has a guy friend unless they like work together, ya know. He told me to think of him as family, but he'd obviously marry me if I said. He's asked what specific reason we can't be friends. What do I say/do?

Edit: Got it, y'all are great. Just wanted to explain to him one last time why we can't be friends, I could tell he might understand, luckily he's being respectful rn and this is looking like the end of it.",13,2,2,0.63,0,/r/relationship_advice/comments/1329x3q/27m_wont_take_no_for_an_answer_i_26f_just_dont/,False,0.09958932,0.009644418,0.09324962,0.027476108,0.019475231
4,'relevant','unclear from the post','partners/married','low','no','no','no','no','no','no','no','no','no','no','no','no',29.0,29.0,4,154,171,part3A,relationship_advice,4/28/2023 15:37,mrs80312,My husband 29M and me 29F work together and coworker picks fight with husband,My husband and I work for the same company.  This other guy that works with us picks fights with everyone and today it was his turn. The guy was yelling at him about how he should respect the job and can work in other areas besides just one. My husband was talking back a little trying to get him to go away but I think he should have just ignored him totally but the guy did have a few valid points. What do you do in the situation where you know the guy had some valid points but you still want to support your husband :(,5,1,1,1.0,0,/r/relationship_advice/comments/131y3sq/my_husband_29m_and_me_29f_work_together_and/,False,0.1013248,0.008971239,0.046922635,0.039737478,0.007288578
5,'relevant','3+ years long','separated/divorced','low','no','no','no','no','no','no','no','no','no','no','no','no',21.0,22.0,5,155,118,part3A,relationship_advice,4/28/2023 20:53,Upper-Student5940,Should I(f21) be the bigger person and let my bf or ex(m22) have one last talk/day?,"My bf or now ex (m22) and I (f21) have been together for about 3.5 years. We both started dating when we were both 18 and have grown/matured together. We were together BY THE HIPS. Him and his family took me in when I got kicked out, Ive never felt more loved by his family. We were very toxic when we were younger but we finally got past it all and started to become healthy. Throughout the relationship we both made mistakes, but there was this one mistake he made MULTIPLE times that I absolutely hated. He would like have his old IG or Twitter accounts and would send pretty girls and basically half naked. And itï¿½s funny because the first time I had a gut feeling about it even though he showed no signs of him doing it, it wasnï¿½t until I went through his phone and found everything. And there were many mistakes that were just not forgivable but I did anyways because I truly loved him. Like he really was my person and I donï¿½t know if Iï¿½ll ever be this comfortable with any person again. He really was my other half and we were morphing into one. Another thing, I always ask if I can check his phone because he had full access to mine but I never had full access, if I wanted to go through his phone, he would have to hold it and it would only be his message log. his Fast forward to a couple days ago, I had NO gut feeling whatsoever and I went through it and I found out he has still been doing the same thing when I really thought he changed because he did EVERYTHING right and everything I asked and more.. but I guess he was just very convincing. 

I miss him very much as the wound is still very fresh, we even raised a dog together and heï¿½s now staying at his parents while I keep the apartment. I canï¿½t even bother to go in our old room because I just start bawling, so our dog and I just sleep on the couch. I havenï¿½t told my friends because then it becomes real. A part of me wants to take him back but I just know itï¿½ll happen again and itï¿½s finally time to break the toxic cycle. The day it ended, it was so so messy and I just donï¿½t want to end our 3.5 years relationship on a sour and bad note, should I let him have a day where we do something as a family one last time so we can heal and move on peacefully?",3,1,1,1.0,0,/r/relationship_advice/comments/1329hv6/should_if21_be_the_bigger_person_and_let_my_bf_or/,False,0.1991664,0.012078222,0.21673056,0.05086332,0.034816213
6,'relevant','1-3 years','partners/married','low','no','no','no','no','no','no','no','no','no','no','no','no',35.0,41.0,6,156,145,part3A,relationship_advice,4/28/2023 18:18,pureduckygoodness,I 35F need advice on rebuilding trust with my 41M partner after a betrayal,"
*EDIT* 
Before I told my fianc?, he asked if I was attracted to my coworker and I said no.


am a 35 F and my partner is a 41 M. We have been together 2.5 years. I was asked out by a coworker and did not tell him for a month after it happened. I turned him down and said I was in a relationship. However, a couple weeks went by and he blurted out that he wanted to fuck me and I realized I had a mild sexual attraction to him. My partner has always been open to the idea of polyamory so I brought it up to him. I told him everything that happened and he said it would have been fine however I did not tell him when this happened so he says he see this as a betrayal. I agree with him that I should have told him as events occurred. We will be starting couples therapy on May 3rd to start healing and rebuild trust. No physical cheating had occurred. I want to know if anyone has experienced anything similar or any advice on how to rebuild trust after a betrayal.",10,0,0,0.5,0,/r/relationship_advice/comments/1325i1r/i_35f_need_advice_on_rebuilding_trust_with_my_41m/,False,0.584095,0.04233929,0.64080805,0.18852992,0.10221587
7,'relevant','0-1 year','boyfriend/girlfriend dating','low','no','no','no','no','no','no','no','no','no','no','no','no',23.0,27.0,7,157,177,part3A,relationship_advice,4/28/2023 14:44,ThrowRAcecille,Why did he (27M) suddenly switch on me (23F)?,"Hii, I'd love some advice as I'm feeling v naive and confused :(

I (23F) met a guy (27M) on Bumble a couple weeks ago. Our first date was great; we talked for ages and laughed a lot, and we had lots in common. He was also super sweet and paid for my drinks, walked me home and we kissed.

Since that point, he was consistently checking in with me, asking about my day, sending funny voice messages and asking when he could see me next. Our second date went wonderfully too; he cooked for me (giving me extras to take in a lunch box to work the next day) and we did sleep together, but it was sweet and intimate.

I'd had a bad experience with a guy before years ago, where he lied/manipulated/love bombed me and then abandoned me. I think this has definitely given me some trauma, so I thought I was being extra cautious with this new guy: I tried to focus entirely on how he made me feel rather than sweet things he said to me.

Generally, this guy made me feel safe and secure, relaxed and comfortable; he always messaged me first, he always organised our dates and he always made time for me. I had no reason to feel unsafe or unsure; nothing he ever said was outrageous, sleazy, rude or strange, and he was very reliable. I suppose my only doubt was that he was very good looking, and therefore possibly out of my league..

Then, last night, we had our third date, and it was a shock. We got dinner together (he paid for everything) and then he came back to mine. The sex was rough and intense, and then he explained that he couldn't stay over and had to leave. After I reached out today, his responses were immediate but blunt and quite cold, implying that probably I wouldn't be seeing him again.

I'm feeling quite drained and sad, but mostly confused. I was so scared of this exact situation that I believed I was trusting my gut feeling this time, but now I feel as naive as i did when I was 21. Is this really common now? Or am I just dreadful at detecting red flags? I don't know if I can handle this happening to me again..!",12,2,2,1.0,0,/r/relationship_advice/comments/131unwf/why_did_he_27m_suddenly_switch_on_me_23f/,False,0.083999306,0.008738215,0.07676199,0.02193286,0.009693438
8,'relevant','0-1 year','friends','low','no','no','no','no','no','no','no','no','no','no','no','no',22.0,27.0,8,158,308,part3A,relationship_advice,4/27/2023 20:59,Gloomy_Current4037,Should I f(22) ask my ex boss m(27) out on a date?,"I f (22) worked in a factory for 9 months just left 2 weeks ago. I immediately developed a crush on my evening supervisor m(27). He is tall handsome and was very kind to me when I started. I was not long out of a relationship so I didnï¿½t think much about it but as we worked more together I started have stronger feelings. He was always nice and helpful, especially when I got promoted to a more difficult job. He is someone you could joke to about anything and a lot of our interactions were us insulting each other in a playful way. He would sometimes flirt saying things like ï¿½ you have really pretty blue eyesï¿½ and some other things. Problem was a lot of the time I didnï¿½t realise or know if he was flirting because im not good at reading people( im slightly autistic) so I never really flirted back much. Everything changed at a work party. It was a fancy event everyone was wearing suits and gowns. My supervisor got quite drunk at this party. Early in the night he gave me a peck on the lips and later that night when he was truly drunk he full on kissed me and it was great. But I realised he was too drunk and left soon after. At work things had kinda changed. I tried to keep our fun relationship the way it was and sometimes it was. Some days heï¿½d be very strict and manger-like with me. Heï¿½s a very sound supervisor to everyone so it was unusual.A coworker and friend even said that she noticed he had been particularly hard on me lately, like hot and cold. I never knew what mood he would be in with me when I came into work. Anyways, due to mental health issues I had to leave the job with only a few days notice. Everyone was sad to see me go as I had great friends there. I bought a few important people some chocolate as a goodbye and thank you, including my supervisor. He said thanks and it was nice working with you. I feel like we were close so I was kinda bummed thatï¿½s all he said. I text him after my last day and told him heï¿½d been a great supervisor and Iï¿½d miss working with him, no response. I donï¿½t know if Iï¿½m Turing a drunk kiss, innocent flirting and some deep conversations into more that it actually was. My thoughts are to just text him how I feel and see what happens? I donï¿½t work with him and if it doesnï¿½t work Iï¿½ll never have to see him. But I am afraid of the rejection. Any advice would be great and please be kind ??",6,1,1,0.6,0,/r/relationship_advice/comments/1316p3x/should_i_f22_ask_my_ex_boss_m27_out_on_a_date/,False,0.034277402,0.008919456,0.038154904,0.014504919,0.007436569
9,'relevant','unclear from the post','boyfriend/girlfriend dating','medium','no','no','no','no','no','no','no','no','no','yes','no','no',20.0,25.0,9,159,110,part3A,relationship_advice,4/28/2023 21:25,Significant_End_286,My 25 M boyfriend shoved and hit me 20 f of 2 years,"I 20 female normally stay up really late doing homework while my Boyfriend 25 goes to sleep at some point but no super early. We both are in college and I secretly stay over in his room and we try out hardest to share a twin XL bed. Last night I got done with my homework around 5am and go to crawl in my spot that is facing against the wall and what every little space my sleeping boyfriend leave me. After trying to squeeze in facing the wall I realized I would be more comfortable if I was like the big spoon. I didnï¿½t realize how cold my legs have gotten since they were press against a concrete wall. So when I turned over it woke him up enough to freak out shove my body off him  and hit me in my face. And then just rolled over and went back to sleep. I was so frustrated an exhausted I slept on the floor until morning. When we both woke up latter he told me to come cuddle him. I refused and told him I donï¿½t want to cuddle someone that did that to me. Then just rolled over and went back to sleep. So I took that as my sign to leave. After I packed my bag I was about to leave and he asked me where am I going. To this is said ï¿½ Iï¿½m not comfortable being around an a-hole that chooses to sleep over talking about what happenedï¿½. We have been no contact all day and I donï¿½t know how to go about getting all my clothes. What should I do?

Edit: when I walked out the door to leave he was fully awake. When I was putting my shoes on to leave he was laying there on his phone.",10,2,2,0.75,0,/r/relationship_advice/comments/132aa0t/my_25_m_boyfriend_shoved_and_hit_me_20_f_of_2/,False,0.15545623,0.010887212,0.16078159,0.028502205,0.03249594
10,'relevant','3+ years long','partners/married','low','no','yes','no','no','no','no','no','no','no','no','no','no',29.0,32.0,10,160,234,part3A,relationship_advice,4/28/2023 6:10,ThrowRAfinancialuser,Is my (29f) boyfriend (32m) taking financial advantage of me?,"TLDR at bottom. (I think this is an appropriate sub for this)

Hey everyone, throwaway account for obvious reasons. I 29f have been with my partner 32m for 6 years, we have lived together for the last 4 years almost 5. When we moved in together he was moving from his own apartment and I from my parents house. There was not a large amount of furniture we needed to purchase as he had lived alone for 6 or so years out of highschool.

When talking about what furniture we did need and/or wanted he had said to me ï¿½I saved you money on furniture because I already had everything, so you pay for groceriesï¿½ we split rent and the internet 50/50 and I took over hydro and he did water bills. I shouldered all the grocery expenses while we lived there. Weï¿½ve since moved once and everything is now split 50/50 except groceriesï¿½ itï¿½s been 4 years and I am still the only person paying for groceries. Our entire relationship I have been the higher income, the gap was multiple dollars/hour pay difference but I didnï¿½t ever 100% know what he was making. I know he was living pretty close to paycheque to paycheque or at least struggled with being able to save, within the last 6months he did get a raise although I think he is still underpaid. I know nothing about his finances, I didnï¿½t even know how much he made until we had the discussion of leaving his current workplace for a job offer he was head hunted for or to remain were he was and press the offer for a raise (within the last 6months). I had to help him pay off his CERB because when the bill came in he said he had no savings. Heï¿½s paid some of that back to me but still owes me almost a thousand. 

I spend an average 400-450$ a month in groceries. He never offers to split (and I havenï¿½t asked him too - I am extremely anxious about confrontation and I believe it would devolve into an argument), he doesnï¿½t give any suggestions for the grocery list so I meal plan/shop and cook everything that we get, anything I buy him for work lunches is inevitable thrown out unused as he almost never makes himself anything. The absolute amount of money Iï¿½ve thrown out due to expired groceries is appalling. 

I feel as if Iï¿½m being taking advantage of financially? Itï¿½s been 4-5 years of buying groceries for the two of us with 0 financial assistance or offers from him. I donï¿½t only strictly buy food, if he needs his own soap/toothpaste I get it while Iï¿½m out for groceries, any Tylenol/gravol/cough syrup ect type items in our house I have paid for. Useless home goods like laundry detergent/cleaning supplies, everything I have bought. He is introverted and doesnï¿½t leave the house very often but why does that mean I have to pay for it alone? It feels as if he pays for his cost of living and nothing else. Heï¿½s very very frugal, if itï¿½s a split purchase he will wait and wait until he finds the best deal and then we split. I just feel like Iï¿½m being fucked over completely, my savings that I had planned to use for more post secondary education is dwindling, Iï¿½m struggling to not feel resentful. I canï¿½t tell if Iï¿½m being taken for a ride or not? Advice is welcome. 

Ps. Yes, first advice is I should talk to him about it but I am terrified of the confrontation it would potentially initiate.



TLDR: I pay for most things that are not strictly ï¿½billsï¿½ I feel like Iï¿½m being taken advantage of but down want to blow up my relationship by mentioning it if Iï¿½m being crazy.",8,1,1,1.0,0,/r/relationship_advice/comments/131jdev/is_my_29f_boyfriend_32m_taking_financial/,False,0.07450261,0.009126588,0.059447967,0.021997316,0.009212466
11,'relevant','0-1 year','boyfriend/girlfriend dating','low','no','no','no','no','no','no','no','no','no','no','no','no',26.0,24.0,11,161,0,part3A,relationship_advice,4/29/2023 6:16,ThrowRA_longdist23,Should I (26f) feel abandoned by my (24m) Boyfriend?,"I(26f) met my boyfriend?(24m) through a mutual friend playing video games. I actually really love him and weï¿½ve been together for 1 year. We are long distance. Heï¿½s visited me in my state three times and Iï¿½ve only been to him once.

Iï¿½ve had very depressing and dark past relationships from SA and being cheated on. Iï¿½ve gone to therapy and the people who assaulted me were recently sentenced. Heavy weight lifted off my shoulders. Iï¿½ve told him about these things and Iï¿½ve asked that he be patient with me as i get back to being myself and heï¿½s been great with that and i thought our relationship was going great. Iï¿½ve had problems with feeling abandoned . Like Iï¿½m not good enough and all that. Now Iï¿½m thinking Iï¿½ve been overthinking the relationship and Iï¿½m making it more than what it is.

Anyways recently we havenï¿½t been really talking or when we do itï¿½s awkward silence and he gets upset really fast. We used to talk all the time, play video games together and fall asleep on the phone but now nothing. We talk and heï¿½s distracted or like now at the time of this post itï¿½s going on 5days of no communication. I text and i get no response Iï¿½ve stopped calling because he doesnï¿½t answer. But heï¿½s always online and making comments and posting and whatnot. 

Heï¿½s told me he loves me and wants to marry me and blah blah but i was always reserved on it cause Iï¿½ve been mistreated before. I feel like he could talk to me if he doesnï¿½t want to be with me anymore. At least tell me without ghosting me. Is that too much to ask for? Like Iï¿½m genuinely hurt because my mind is racing thinking something terrible has happened to him but heï¿½s talking to our mutual friends but not me . Iï¿½m not sure what to do and Iï¿½m such a pessimist itï¿½s crazy. 

At this point i feel like i made up an entire relationship with someone.
Iï¿½ve been texting him good morning when i wake up and goodnight before i lay down for bed and even just randomly during the day asking if heï¿½s okay and to have a good day and still nothing.

I had a trip to visit him planned but Iï¿½m going to cancel it because Iï¿½m having zero communication on his part then Iï¿½m not going to go and have my feelings really hurt. Anyone know what i can do? I say i feel abandoned because i love him. Weï¿½ve been through things together and it just feels like heï¿½s throwing me away without even a second glance. 

How do i approach this? Do i keep sending texts and calling like a madwoman? Cut my losses and delete him ? I donï¿½t know i just donï¿½t want to be alone again. 

TLDR; I think my bf ghosted me and Iï¿½m an emotional wreck over it.",1,1,1,1.0,0,/r/relationship_advice/comments/132l1lf/should_i_26f_feel_abandoned_by_my_24m_boyfriend/,False,0.103060275,0.010447056,0.07223598,0.028281843,0.011247349
12,'relevant','1-3 years','boyfriend/girlfriend dating','low','no','no','no','no','no','no','no','no','no','no','no','no',19.0,20.0,12,162,61,part3A,relationship_advice,4/29/2023 1:17,ThrowRAmaniccc,"My (19 F) bf ( 20 M) is a friend hopper, should I be worried?","My (19F) boyfriend (20M) and I have been together for just over 2 years. 

During this time, Iï¿½ve picked up on a habit he has. He seems to go through periods where heï¿½ll focus the majority of his attention on a particular person.

At the beginning of our relationship, he used to hang out with his one friend ï¿½Bï¿½ (20M) at least 3 times a week, which cause a few issues as it felt like I was being neglected at times.

Since then, he has jumped between 4 other friends. There was never any major fallout, heï¿½d just go from seeing them every other day to maybe once a month, if that.

He has also gone through periods of time where heï¿½d see me pretty much every day before cutting back and starting to spend time with the chosen friend.

I have no problem with him seeing friends, Iï¿½m just worried this may be some kind of red flag that Iï¿½m not catching. Is this a behaviour I should be worried about, or am I just overthinking?",3,2,2,0.75,0,/r/relationship_advice/comments/132fgzw/my_19_f_bf_20_m_is_a_friend_hopper_should_i_be/,False,0.077668175,0.008065036,0.059447967,0.020450363,0.009619443
13,'relevant','0-1 year','boyfriend/girlfriend dating','low','no','no','no','no','no','no','no','no','no','no','no','no',19.0,19.0,13,163,300,part3A,relationship_advice,4/27/2023 15:18,Grand_Set_8923,My (19f) boyfriend (19m) is acting kind of strange.,"So i met him back in December, and we made it official in February, so we have been dating for a little over two months now. At first everything was picture perfect, and I was happy. 

For some context, he used to mention that he thinks he has ADHD or something, to explain why he shifts from one convo to the next in like one second. Im not sure if he does or not since he doesnï¿½t have a diagnosis. 

Heï¿½s been very forgetful. For example when we first started dating, it was around valentines and he promised to buy me flowers at the end of our date, but couldnï¿½t because by the time we finished watching the movie, it was 12 and all the shops were closed. He then promised to get them on my birthday, but didnï¿½t Iï¿½m assuming because he forgot. Iï¿½ve mentioned wanting to receive flowers many times but he seems to just forget. Its not a big deal about the flowers, but I am a little upset.

On our texts, he would usually take ages to respond, so i text him multiple times. He would ignore the first few texts and only reply to the last one. for example i sent a text asking what he had for breakfast, and another saying im gonna go back to sleep, but all he said was ï¿½okkkï¿½.

We also went to the movies the other day and it kinda seemed like he was hiding his phone from me. Iï¿½m gonna ask him about it next time i see him. 

i dont know if i feel like this relationship is one sided but i dont feel as loved as i felt in the beginning of the relationship. 

Can anyone give me advice on what to do?",15,1,1,0.6,0,/r/relationship_advice/comments/130qy6w/my_19f_boyfriend_19m_is_acting_kind_of_strange/,False,0.06817148,0.007443639,0.06495911,0.02708937,0.02048012
14,'irrelevant','0-1 year','separated/divorced','low','no','no','no','no','no','no','no','no','no','no','no','no',21.0,26.0,14,164,245,part3A,relationship_advice,4/28/2023 5:06,Affectionate_Sky5823,Should I(21 ftm) cut off my ex(26 m)?,"Hi all, so hereï¿½s the story. D(26 m) and I(21 ftm) have been best friends since 2020. A couple months into our friendship we started having sex and the relationship became more romantic. Very early in our relationship I started to love D but by 6 months in I was sure I was in love with him. I was the first guy D had ever been with and he had just gotten out of a long term abusive relationship so he was hesitant to commit to a relationship with me. We are also both drug addicts and we had both just gotten clean so he was worried about getting into a new relationship that soon after getting clean. Despite all this we continued to have sex and we saw each other almost everyday, we even ended up living with each other for almost a year from 2021-2022. In August of 2022 D said he was finally ready to commit to our relationship and we started dating. In October of 2022 I relapsed and we broke up but once I got back from rehab we continued to have sex and a romantic relationship. During this time he met a girl weï¿½ll call A. D started spending more and more time with A and after a couple months of knowing her D told me that we should stop having sex as to strengthen our friendship. 
This transition from a sexual/romantic relationship to a purely platonic one has been really challenging for me as this man is the love of my life and we had even talked about getting married at one point, I thought I was going to spend the rest of my life with him. 
It hurts so much to know heï¿½s spending time with A and it hurts even more when he blows off our plans to see her instead. 
I want to continue being friends with him as I love him and want him to always be in my life but itï¿½s hard to know that he doesnï¿½t love me the way I love him. 
What would you do in my position? Should I try my best to just put my feelings aside?",11,2,2,0.76,0,/r/relationship_advice/comments/131i7px/should_i21_ftm_cut_off_my_ex26_m/,False,0.3389984,0.025789235,0.2813443,0.06826523,0.040745795
15,'relevant','unclear from the post','boyfriend/girlfriend dating','low','no','no','no','no','no','no','no','no','no','no','no','no',23.0,30.0,15,165,280,part3A,relationship_advice,4/28/2023 0:49,ThrowRAhere4advice,Is my [23F] boyfriend [30M] too friendly?,"Being in a relationship I expected my boyfriend to have female friends and talk to females, no biggie. But coming into this relationship from the start he told me he doesnï¿½t have any female friends which I found odd. 

We went to his work for a Christmas party in December and as I was following behind him some female coworker grabs him as she excitedly yells his name, pulls him in and gives him a big ass hug. 

Then weï¿½re at a smoke shop and I see him through the glass window laughing with two females like I canï¿½t see him. 

He follows hundreds of women on social media yet claims he doesnï¿½t have female friends. One day we argue and I find out some chick came up to him started asking about him/his life and they exchange instagramsï¿½ 

Idk if Iï¿½m being insecure and should kick back or if Iï¿½m being reasonable about this. Iï¿½ve expressed it upsets me and when I do he gets mad and blows it out of proportion. I just wish he would understand how I feel. I wish he would reassure me that Iï¿½m the only one he wants. I feel crazy for getting upset over something like this. 

My bf isnï¿½t an extrovert. He doesnï¿½t chat with everyone or have a bubbly personality. Heï¿½s an introvert so when he does things like this it makes me feel weird.  I donï¿½t give guys my number or instagram. So it makes me uncomfortable that he does this with other women",2,1,1,0.57,0,/r/relationship_advice/comments/131cwo9/is_my_23f_boyfriend_30m_too_friendly/,False,0.42985553,0.013424582,0.45706853,0.16824563,0.105256535
16,'relevant','0-1 year','non committed relationship','low','no','no','no','no','no','no','no','no','no','no','no','no',32.0,36.0,16,166,31,part3A,relationship_advice,4/29/2023 3:34,Jaded-Tiger3101,My (F32) and (M36) wait or letting me down gently?,"I've been talking to this person since January. We immediately clicked. So much so that we were both caught by surprise. We even have the same odd competitions with our own personal bests. (How fast to get somewhere, braking without a noise, etc.) Anyway, he went to my birthday celebration and met my friends. Even though his car was in the shop. He makes an effort. He told me he can't have a relationship right now due to the distance and he is currently stressed. He will be moving closer to my area in 2-3 months. He asked me to be in a relationship with him when he is situated. He also told me it's unfair to me to make time for him when he's dealing with a lot and isn't feeling well. His cousin passed away last month, he lives about an hour from me, he has to travel to a different city for training for a few months. I believe what he says when he told me he can't right now, but if I would be open to it in a few months. 

My problem is that do you think he meant that, or was it a way to let me down gently? 

He also said it was unfair to me and he said he wanted to date me when he lived closer. I don't pressure people. I don't want to be left on read but I also don't want to bother him and make him feel even more overwhelmed. He's kind and supportive. He's really similar to me, so I don't get the vibe that he's lying. I feel a connection with this person and he also said we share so much in common. I think his words were 'I'm like you.' For context we have both been cheated on by our previous partners. 

I trust him, I think I just have a lingering insecurity because my narc ex cheated on me and blamed me for it. He also led me on the entire 'relationship'. 

I'm willing to try with this person because of the connection, but I also don't want to feel led on and used. I do care about this person because he seems genuine to me. There's this look that I have only encountered with kind people who have been hurt before. I can't explain it. But I see it. He's divorced. Idk if it matters, but we have had sex. He is currently in a roommate situation and I also believe he wants to move out because it can be awkward for him. 

He's given me no reason not to believe him. I just don't want to be left on read. Should I just give him space and wait for him to speak to me?",3,1,1,1.0,0,/r/relationship_advice/comments/132i6eo/my_f32_and_m36_wait_or_letting_me_down_gently/,False,0.06500591,0.008582866,0.051431753,0.025542418,0.006585619
17,'relevant','0-1 year','friends','low','no','no','no','no','no','no','no','no','no','no','no','no',21.0,21.0,17,167,203,part3A,relationship_advice,4/28/2023 11:03,ThrowRA_3004,Is he (21M) into me (21F) or just being friendly?,"I (21F) got rejected by a really sweet guy (21M) about 1,5 months ago. He never rejected me as a person, but said that he likes someone else and they already have something going on (whatever that means). I was okay with that and also ready that our communication from then on is going to be awkward and embarrassing, but it's the exact opposite. We have a mutual hobby (dancing) and he seems to pay attention to me during practice. For example, I catch him looking at me and yesterday we made eye contact for quite a bit and he smiled. When my friend (his dance partner) caught the two of us smiling at each other, he seemed to be a bit embarrassed (he made a funny grimace). He also has nothing against physical contact (we have to hold hands during one of the dances and he usually holds my hand longer than necessary). Last week he approached me after practice and we ended up walking home together (he has never approached me like that before, although he didn't have anything against walking with me before rejecting me either). So I'm really confused about his behaviour. I thought he's going to back off and be rather distant not to give me any wrong signals, but I still catch him looking at me (not only once, but several times during dance practice) and he definitely pays attention to me.

What do you think is going on? I'm trying not to overthink it, but I really need some objective opinion on this. Thanks in advance!",2,2,2,1.0,0,/r/relationship_advice/comments/131ogou/is_he_21m_into_me_21f_or_just_being_friendly/,False,0.15435068,0.011586283,0.14313951,0.045593183,0.017163984
18,'relevant','3+ years long','partners/married','low','no','no','no','no','no','no','no','no','no','no','no','no',28.0,30.0,18,168,196,part3A,relationship_advice,4/28/2023 11:58,ThrowRA038325,I 28F am sick of my 30M husband going extra miles for female. I have hard time trusting his behaviour.,"My husband and i are opposite. He is friendly and has a lot of topic to talk which i understand. But he does this things like holding hands of women he met in club right infront of me and says he was just dancing. Which i long moveon. Recently theres a female guest in our hotel who asked for weed. He spend his sleep hours talking, conforting her. I checked the cctv footage and he cut off cctv cable between 11:40 - 12:00 am. When confronted he said the female guest told him to shut it as the light bothered her . I can say for guarantee he would not have shut it off for a male guest. She only approches him when i am not around . Next day i find them alone at attic which they planned to meet alone . He told her to wait in attic while he makes joints and i feel like a fool attending guest unaware of things going on. He never said a thing it was me who found about cctv and their secret meet. He does this things like going extra miles for a stranger and calls it building relationship behind my back. Sometime i feel like i am making a big deal but other time it angers me on how he doesnot understand his boundry. He would never like it if i talk to a male guest alone at a secret place and not inform him. I feel like i should breakup and not waste more years of my life cause he always acts this way but i also feel like its not a enough reason to break of 7 years relationship. Am i being jealous or Is my point vaild? How would you view his behaviour ?",22,1,1,0.6,0,/r/relationship_advice/comments/131plej/i_28f_am_sick_of_my_30m_husband_going_extra_miles/,False,0.15213956,0.01101667,0.091633186,0.05027775,0.053399716
19,'relevant','3+ years long','boyfriend/girlfriend dating','high','no','no','no','no','no','no','no','yes','yes','no','no','yes',26.0,26.0,19,169,44,part3A,relationship_advice,4/29/2023 2:26,xomelmel,I 26F am tired of my boyfriend 26M drinking habits,"Im 26F my boyfriend is 26M. We have been together for 7 years on and off. He's always been a drinker but it's been getting out of hand recently.

He would get off work early around 12pm and would spend the rest of the day at a bar. (I have his location) he wouldn't come home until the next day. This has happened more times than I'd like to admit. 

His drinking has led him to get into fights, and the fights would be really intense. Not to mention he also spends a lot of money on his drinks. 

I have tried to help him and encourage him to stop or even limit his drinking but he refuses to listen. He doesn't think he's an alcoholic. When I spoke to his mother about his drinking he became verbally aggressive towards me and I was afraid he would hurt me. I honestly don't know what to do anymore. I'm getting really tired of this.",6,3,3,1.0,0,/r/relationship_advice/comments/132guw8/i_26f_am_tired_of_my_boyfriend_26m_drinking_habits/,False,0.05725329,0.008764107,0.028913507,0.023608726,0.007621558
20,'relevant','0-1 year','separated/divorced','low','no','no','no','no','no','no','no','no','no','no','no','no',28.0,27.0,20,170,115,part3A,relationship_advice,4/28/2023 21:07,Camel-Palpitations,Ex talking-stage (M27) reached out to me (F28) asking to reconnect' in 3 weeks?,"Tl;dr - ex talking stage dude asked to reconnect and when I said yes he was like ok I'm free in 3 weeks (?) and then immediately followed my friend he hasnt had a single interaction with in 6 months - wtf is going on?

So I have a couple questions around this. I casually dated a guy for a couple months in the fall/winter last year. He was transparent with me from the beginning that things were still complicated with his ex (at the time that they were friends but he thought she still wanted to be with him). I wasn't really looking for anything serious so I didn't really mind that he wasn't sure what he wanted/what was going on. A couple months in of things going well he told me they had been talking more. We started seeing each other less and I kind of assumed it was going to fizzle out soon. The last time I saw him (December) he told me she was coming to visit for New Years and I shut it down telling him if he was still interested in her to end it with me. We ended things a week or two later with no hard feelings, genuinely. 

He's reached out to me a couple times since then in the last few months and I was polite but essentially shut it down. He reached out again once more and asked if I would be willing to 'reconnect and get a drink.' I do want to see him and hear what he has to say. Only thing is, when I said yes we could catch up, he was like ok I'll be available in three weeks (??).. wtf is that lol 

Additionally, he immediately followed my friend he on instagram after we exchanged about 5 texts. 

Any idea what's going on in his head? My friend said maybe he wants to be friends, I'm thinking he's not getting his emotional needs met by his ex anymore and is trying to get them from me. 

But why so long? I know for a fact he's not that busy and why is he randomly following my friend he met one time 6 months ago? 

My guy friend suggested maybe he's trying to seem like he has a bunch of other stuff going on to seem more scarce or something? Idk I know I won't get any actual answers trying to read into it, just wanted to know what all of your instant explanations would be. 

Edit:
I'm not looking for whether or not I should talk to him, I'm really just trying to decipher the intentions and the timing",5,4,4,0.83,0,/r/relationship_advice/comments/1329ujp/ex_talkingstage_m27_reached_out_to_me_f28_asking/,False,0.2854937,0.009437286,0.39409557,0.06774519,0.019274252
21,'relevant','1-3 years','boyfriend/girlfriend dating','low','no','no','no','no','no','no','no','no','no','no','no','no',20.0,21.0,21,171,157,part3A,relationship_advice,4/28/2023 16:51,Embarrassed-Wave-552,I (20F) need advice about how I feel of my boyfriend (21M),"
We have been together for 2 years. I love him. And things were very nice until this January. My panic disorder decided to pop up and I was having so many panic attacks. Now things are way better but I am way more fragile, scared and unstable than I used to be. And our relationship has been super hard since then. We both are fighting for us because we love each other and we don't wanna lose each other. I am still so surprised and kinda proud how we made through this much because I have been feeling terrible since January. I have started two different antidepressants, had lot's and lot's of change in my decisions for future. And non of these changes actually conflict with our future with my boyfriend. Yet, my brain is very blurry. I don't understand what I feel about anything. I sometimes start getting full of love. I wanna just sleep in his arms forever. But sometimes, he is just triggering my panic attacks. He is not doing anything bad tho.

 
I used to not mind annoying habbits he has, like he loves to randomly sing when he is doing something. And I used to not care about it but now I feel like it is super annoying. I don't understand what is happening to me. And whenever he is slightly offensive or sarcastic, i just feel so stressed. I don't wanna make him walk on egg shells, so i feel guilty. He is completely okay with being extra careful. But still am so confused about what my problem is. Because, even though even his existence is stressing me sometimes, there is just a voice in my heart says I love him so much and I just shouldn't end us. Because when I am away from him, I feel empty as well. I hope someone can tell me their observation and if they experienced something similar. I never had a relationship before this. So i have nothing to compare. Maybe our honeymoon ended for me? I don't know.",2,1,1,1.0,0,/r/relationship_advice/comments/1321jct/i_20f_need_advice_about_how_i_feel_of_my/,False,0.0466155,0.011482717,0.04141149,0.018129934,0.013244915
22,'relevant','0-1 year','boyfriend/girlfriend dating','low','no','no','no','no','no','no','no','no','no','no','no','no',26.0,27.0,22,172,94,part3A,relationship_advice,4/28/2023 23:00,shishitoxpepper,I (26F) am dating someone (27M) whoï¿½s going through a breakup (5-6 months post BU),"I (26F) have been seeing a guy (27M) for about 4 months now. Everything has been going great until recently. We hit it off right away and have both felt like everything has come natural to us and are very comfortable/safe with one another and have been exclusive.

He just got out of a 1.5 year long relationship about 3-4 months before we met and was still living with her in a 2 bed due to being tied to a lease. They started off long distance and he did move here to CO from TX to be with her a few months in. Post breakup, he was bouncing around with his friends, cousin, and mine a few nights a week to get away. He moved out into a sublease a little over a month ago and everything was still normal between us until recently. 

He has been so amazing for the first 3 months- i have never been happier with someone. He is adamant that he is grateful that the relationship is over and does not necessarily miss it, but is now starting to really miss her family since they treated him like their own and he felt like they were a second family to him. He is also moving, and we talked about me moving eventually to be closer to him since I work remote and have the flexibility. Her mother and brother reached out to him recently and asked to catch up before he leaves. They all cried together. Now he is getting overwhelmed with trying to process the emotions of losing these people who loved him very much and that he loved too. He still says he doesnï¿½t want to lose me and wants to try and do long distance until I can move to CA too. But heï¿½s still being distant and itï¿½s driving me crazy.

I just donï¿½t know what to do. He is fairly open for the about discussing these things with me, and the last thing I want is to end things between us. But I am worried that these emotions are going to be too much for him. Iï¿½ve been trying to give him space to clear his head but itï¿½s been so hard. We havenï¿½t had a full conversation in 5 days, just a few good morning/goodnight texts and checking in here and there. Do I continue to give him some time, or should I expect that itï¿½s over?

TLDR: dating a guy whoï¿½s a few months post breakup but heï¿½s starting to get really sad about missing her family since he was close to her mom and brother. Our relationship so far has been amazing, but now heï¿½s being distant due to how sad he is over missing her parents and brother. Donï¿½t know if I should give him space or call it.",1,1,1,1.0,0,/r/relationship_advice/comments/132ci6o/i_26f_am_dating_someone_27m_whos_going_through_a/,False,0.069754265,0.008764107,0.038655918,0.023093075,0.008583503
23,'relevant','3+ years long','boyfriend/girlfriend dating','low','no','no','no','no','no','no','no','no','no','no','no','no',22.0,24.0,23,173,8,part3A,relationship_advice,4/29/2023 5:48,ThrowRAanonaccountt,How do I 22F love my 24M boyfriend unconditionally?,"Throwaway account for obvious reasons. My boyfriend and I are moving into our first home together in a few months. Weï¿½ve been together for 4 years and I genuinely think heï¿½s a great person and is just so sweet and kind. I just canï¿½t decide if I fully love him or not, I feel like Iï¿½ve just settled because I know I wonï¿½t find someone else. How do I love him unconditionally? Will it just happen? He is very lazy and generally untidy but I believe this will all change once we move in, he wonï¿½t have a choice but to clean up after himself. Heï¿½s recently quit the sport he plays and is trying to focus on gym, heï¿½s put in 20kg in a few months and wants to put on moreï¿½ he hasnï¿½t been going to gym and believes itï¿½s all muscle weight he is putting on.. tell me how that works. Im really stuck weï¿½ve already paid for majority of things for the house, he is genuinely an unmotivated person as heï¿½s never had his own projects he can do. Im a go getter type of person and love to be constantly busy. Currently we only see each other 2-3 times max a week and have sex once a month if weï¿½re lucky, my friends have said to schedule in sexy time so we know not to miss it, is this going to work? How do we keep the spark alive? I feel myself getting frustrated with him and not wanting to have his help with the house stuff, is this because of stress? I want marriage and kids but I donï¿½t know if he is the best person for it? Will he change? I donï¿½t think he is unconditionally in love with me either, I do really want this to work how can we be better for each other?",2,1,1,1.0,0,/r/relationship_advice/comments/132kklf/how_do_i_22f_love_my_24m_boyfriend_unconditionally/,False,0.09481675,0.008194493,0.075468846,0.032468732,0.006955597
24,'relevant','1-3 years','boyfriend/girlfriend dating','medium','no','no','no','no','yes','yes','no','no','no','no','no','no',20.0,21.0,24,174,52,part3A,relationship_advice,4/29/2023 1:54,WrongdoerAccording29,i 20f think i need to leave my partner 21m. but i donï¿½t know how,"i 20f live with my boyfriend 21m. for some background, this is my first real relationship. weï¿½ve been together close to 3 years and i moved in with him and his family when i was 17/18 due to a poor living situation with my mother. i have a lot of love and gratitude towards my bf and his family for taking me in, but iï¿½ve always felt lonely in this partnership. since moving out of his parents house and to another state with him with my mom, things have gotten so much lonelier. i feel that he does not have the same emotional or even general maturity that i have and this grows more apparent every day. heï¿½s had a hard time holding a job for as long as iï¿½ve known him. that is, when he has one. 2/3 of our relationship he has been unemployed unless i nag him and even when he does he has a bad habit of just not going or not caring. he doesnï¿½t take me on dates and never has. has never gotten me flowers or even posted me on his social media. since the move out of my small hometown iï¿½ve really just wanted to grow as a person and find out who i am but he would rather rot in our room and play video games while the world passes him by. iï¿½ve blown lifelong friendships trying to be the person i thought i needed to be in order for him to treat me the way iï¿½ve always begged him to. since weï¿½ve gotten together itï¿½s been my vision to be with him forever. to be the couple everyone envies for loving each other since high school but i know now that this may not be in the cards. despite the negative things iï¿½ve written so far, he is undeniably kind. he loves me as much as he can in the only simple ways he knows how, so holding these things against him pains me. but i have to wonder, at what point do i throw in the towel and at least try to get what i want out of life? hereï¿½s my problem with leaving. i know this sounds fucked up but i really donï¿½t think heï¿½d be okay without me. heï¿½s told me that being with me has saved him from hurting himself multiple times. i just couldnï¿½t live with myself if anything happened to him after we break up. i donï¿½t even know if i could live with myself inflicting that type of pain on someone i love. it all just hurts my heart to think about. i really need advice. how do i end things with a person i live with and still love immensely? do i stay and try to help him better himself and our relationship? sorry for the long read, if youï¿½re still here, thank you.",5,1,1,0.67,0,/r/relationship_advice/comments/132g87o/i_20f_think_i_need_to_leave_my_partner_21m_but_i/,False,0.044141594,0.008789998,0.0569429,0.013896915,0.008842488
25,'relevant','3+ years long','boyfriend/girlfriend dating','low','no','no','no','no','no','no','no','no','no','no','no','no',24.0,25.0,25,175,252,part3A,relationship_advice,4/28/2023 4:23,weirdmishmash,My (24f) boyfriend (25m) refuses to ditch his twin bed for anything larger,"I have no idea what to do. We have been together for 5 1/2 years. He has had a twin bed the whole time. Usually he will just come over to my place, but I am about to move home. 
I constantly ask him to get a bigger bed. We are plannning on moving in together soon so I even tried saying that we should look for a bed together. He says itï¿½s the principle of the matter. Any advice is useful. 
Iï¿½m lying rn in this twin bed hating it.",4,1,1,1.0,0,/r/relationship_advice/comments/131he2d/my_24f_boyfriend_25m_refuses_to_ditch_his_twin/,False,0.11150667,0.007676662,0.07255927,0.024124376,0.009360458
26,'relevant','unclear from the post','boyfriend/girlfriend dating','medium','no','no','no','yes','yes','no','no','no','no','no','no','no',24.0,30.0,26,176,285,part3A,relationship_advice,4/28/2023 0:11,ThrowRAway3466,How do you know that youï¿½re in a toxic relationship? (24f)(30m),"I (24f) am with a (30m). We recently broke up and now are back together. I got some friends telling me he gaslights me. Then I also have friends that tell me that people can change and get better. He is very pushy when it comes for me to drive to him. He expects me to drive to him but he doesnt come to me. When I express how I feel. I become the bad guy. He has told me i have a disorder that I donï¿½t actually have because i donï¿½t always push subjects. I went out of my way the first time we were together. I did everything, i drove miles to see him when he didnt for me. I threw a huge bash for his birthday, he forgot mine. He hurt me the first time but told me he was sorry and changeï¿½ 
If someone truly cares about you, do they always have to say sorry because all they do is hurt you ? Is that ever going to change? Also am i the bad guy for only giving the same amount energy that Iï¿½m receiving? I love this man with all my heart, but Iï¿½m so tired of being sad all the time.",17,7,7,1.0,0,/r/relationship_advice/comments/131c2j3/how_do_you_know_that_youre_in_a_toxic/,False,0.165053,0.031314444,0.17148167,0.04090862,0.031722516
27,'relevant','3+ years long','separated/divorced','medium','no','no','no','no','no','no','no','no','yes','no','no','no',25.0,24.0,27,177,64,part3A,relationship_advice,4/29/2023 1:06,Top-Suggestion-5144,Ex (24M) now works at the gym that me (25F) and my boyfriend (27M) are members of,"I dated a guy 5 years ago for less than a year, and he now works at the front desk of the gym that my current boyfriend and I go to. He has used this as an excuse to reconnect with me, and what I thought was a friendly encounter has quickly turned sour and has made me feel extremely uncomfortable. Each time I check in, he wants to talk to me for sometimes 30 minutes and then texting me the entire time I'm at the gym too. I entertained the chatting at first to make sure we were going to be on good terms (especially because I feel bad that I was the one that broke up with him) while being on the same space, even getting coffee to catch up. But he clearly feels a lot of resentment towards me, constantly bringing up past drama with old friends that had involved me, rumors about me, and will spring onto me his own problems with addiction etc. I also noticed that he checks my digital profile at the gym, and has made comments when he notices if I stop working out or if my payment is overdue on my profile. This makes me so incredibly uncomfortable. I don't want him to know when I usually go tot he gym, or what my schedule is like. He also told me he asks everyone else at the gym if they know me and tells all the staff that his ex works out here, which also makes me uncomfortable around the staff. Most recently, I now have reason to believe that he's making fake profiles on Instagram to harass me anonymously online. I texted him today asking if it was him and he has barely responded. I do NOT want to get roped back into his life and have made it really clear in the past I do not want him in my life whatsoever. However, I don't want my boyfriend and I to feel weird at our neighborhood gym which we love and have been going to for quite some time, but I also do not want to get him fired from his job or for management to tell him that he has to change locations because of me. Honestly, I'm scared of what he will do or what he will tell everyone about me if he knows I complained to management, because we share a lot of the same home town friends. Anyone got any advice on how to handle this? My boyfriend and I pay a lot of money to attend this gym and have always enjoyed going.",5,1,1,1.0,0,/r/relationship_advice/comments/132f8or/ex_24m_now_works_at_the_gym_that_me_25f_and_my/,False,0.119997114,0.011689849,0.11292298,0.03412145,0.014551271
28,'relevant','3+ years long','separated/divorced','high','no','no','yes','yes','yes','no','no','no','yes','no','no','no',23.0,23.0,28,178,305,part3A,relationship_advice,4/27/2023 21:04,shelbae00,My ex bf (m23) thinks iï¿½m (f23) a stalker and wants to stop my graduation,"

Hi guys, I am writing for advice on a situation between me (f23) and my ex boyfriend (m23). After dating for 4 years, we split up about a month ago after I told him I would like be be engaged or married to him within the next few years because I didn't want to have a boyfriend of over 6 years with no ring. We split up about a month ago and have stayed in contact, and have shifted to being friends. It's been going well; we still talk for over an hour each day to play video games, and have recently been exchanging laptops because my computer has a program he needs to his school work. So I'll have his computer to do school work while he does his assignments. I got my laptop back last night, and saw he had signed in to his Google account and left it opened. I know I should not have, but got curious and went through his browser history to see if he had been looking things up in relation to me. I spent less than five minutes looking at it, then closed my laptop and went to sleep. When I gave him my laptop this morning, his activities tab was still open from when I had snooped. He called, and for over an hour he talked about how I am stalling and harassing him by checking his activity. I explained to him what happened, and he continued that I was stalking. I am 15 days away from graduating college to be a teacher. He threatened he would call the university and tell them I am in a manic episode and suicidal on top of stalking and harassing him and make it so I can't graduate. He also threatened to call the police on me and get me arrested for stalking and harassment. He continued, and said he would make sure I would never be able to teach anywhere, that he would call the school I'm currently student teaching at, and he would call my mom. While he's threatening to ruin my life over me looking through his history, he keeps mentioning how iï¿½m probably going to jump off a cliff over three times and that he wouldn't be shocked or particularly care if I did. We dated for 4 years, and while I do deal with mental health issues have never, ever said I wanted to kill myself. He said he took joy in my panic on what he was threatening to do to my life, how he liked hearing me scramble to apologize and was acting like a cornered animal. After asking what he planned to do, and to not take action like that against me, he laughed and said to check his history on his laptop (that he changed the passcode to so I can't do an work on it) since I was so good at it. We've made a plan to meet in front of my apartment complex to exchange laptops back in front of cameras, and my mom will be there to watch. 

Iï¿½m just lost on what to do. I know I fucked up, and he's going to use how I checked his activity while he were dating because I had strong suspicions he was cheating and found him on dating sites. Other than that, the only things he has on towards stalking would be when I tried to sign in to his account on accident instead of mine, and me sending Overwatch TikToks daily. Again, we talk on the phone for well over an hour each day. And he's threatening to go to everyone and say iï¿½m a stalker. Obviously iï¿½m heart broken, two months ago I was planning wedding colors and now he's tellijg me he wouldn't care if I killed myself. Any help or advice is greatly appreciated.",6,0,0,0.5,0,/r/relationship_advice/comments/1316vqr/my_ex_bf_m23_thinks_im_f23_a_stalker_and_wants_to/,False,0.09481675,0.013702838,0.08613731,0.022384055,0.025002124
29,'irrelevant','1-3 years','separated/divorced','low','no','no','no','no','no','no','no','no','no','no','no','no',22.0,28,29,179,288,part3A,relationship_advice,4/27/2023 23:35,deadly_broken,Me(22F)And My Boyfriend(23M) 2 yrs relationship had a fight on 8th march i,"
 overreacted then i said i'll start dating( flings) thn he said same during the fight nd thn i went to much anxious nd during that conversation i said if you don't find anyone else go fuck your sister nd these were the words which hurted him alot nd he

Stop talking...it wasn't intentionally it was just action during the fight nd instantly i mssgd him sorry sorry i tried calling him talk to him nd ask for forgiveness bbut he won't gonna talk to me ever again thn i told one of my bff she also said what you did wht you just said nd noe you want him to not breakup with you everyone said omg wht you did nd that's make me felt i shouldn't be alive nd i tried to cut my hand suicidal thoughts but survived later i did many things to get to talk to him but he didn't talk to me thn i called my ex  to discuss about the situation we had conversations about that but my boyfriend used to hate me alot nd he never wants me to talk to him nd i did that  atfer almost a month my boyfriend nd i had conversations about things he said he'll back but he needs time i didn't told him about that i had conversations with my ex cause i thought agar abhi btaya too galat hoga jb shi hoga sb kuch tb btadungi nd after some time i got back with some of my old male frnds jisme ek se meri achi bondi hogyi mene usko sb share kiya...we ( me nd my boyfriend)  started talking to each other felt like things are getting on path but thn my ex CAlled him nd told him that i called him (my ex) usne sabkuch btaya nd m apne ex ko msg krrhi thi ki abhi mt bta please me btadungi baad m shi hojane de or mere ex ne uske ss lekar mere bf ko bhejdiye nd mere ex se jb bhi baat huyi hnesa mere boyfriend ko lkr relationship ko lkr huyi kese shi krskti hu m kya kru kese rhu kya krna chahiyee but the way he told my boyfriend sbkuch negative lgrha tha nd thn when my boyfriend asked me ki usse baat huyi to phle mene jhuth boldiya ki nhi huyi usne jb mere msg jo ustym mein apne ex ko bhejrhi thi wo pdhkr sunaye to mene btaya haa but i tried to explain him ki mein btati pr abhi nhi baad mein jb bilkl shi hojata thn uske baad use meri Baaton pr believe nhi hota kuch bhi bolu use glt lgta nd phir dheere dheere shi horha tha but wo kafi change tha ab use mjh lkr nhi itna fark pad rha tha use meri har baat bs negative hi lgtii chahe mein shant rhu kuch na bolu us shanti ka bhi negative mtlb nikala jata udhar mere jo male frnds se baat huyi thi usme se ek se meri jada baat hone lgi mein apne boyfriend ke us behavior se kafi hurt horhi thi mene bolne ka bhi try kiya usko but ladayi behes again sabkuch mera negative dikha diya jata mene kya kiya kese kiya sabkuch thn mene mn m decide kiya kafi hone ke baad ki m distance bnaungi khud ko idhr udhr distracted rkhungi taki mein isse affected naa hu qki jb bhi affect hoti thi phir m kuch bhi krne lgti or ye sabko 1 mnth se jada hogya tha bs m janti thi jb wo chorkr gya tha kaisa phase tha kya tha mjh dar tha abhi phir ye chla jayega kuch thoda bhi hua toh phir m us dost s jada baat hone lgi nd bakchodi mein kuch bhi khalete the nd one day he said agar m propose kru to kya bolegi tu toh mene usse bola arey mein abhi isi sb se heal nhi huyi hu i still love him bs move on ka try krrhi hu baad mein kafi Bhale sochu yhi sb baat huyi meri baat mere boyfriend se kbhi kbhi horhi thi nd m usko lkr nhi sure thi uska kaisa kya hai phir ek din mrin mili uske sath rhi usne us dost k bare m pucha mene phirse jhuth bola ki kbhi kbhi baat huyi use nhi btaya ki last week se almost meri daily baat horhi h usse nd un 2-3 din m i found out he still loves me as he used to nd he still wants me but jisdin m jane wali thi he came to know about that ki meri usse roj baat horhi thi ye sb phirse mene jhuth bola ye sb but i don't know kese use believe krau ki how much i love him nd i can't live without him he's not believing me anymore he said phirse mera sb negative mein uspr cheat nhi krrhi thi na kisi se esi koi baat huyi haa jhuth bole mene usko I'm feeling soo sooo bad kya kisi se ese baat krna cheating jitna hota hai itna jada galat hota haii... M usko kaise believe dilau ki at the end of the day all i want is him",2,1,1,0.67,0,/r/relationship_advice/comments/131b7qe/me22fand_my_boyfriend23m_2_yrs_relationship_had_a/,False,0.568186,0.34804323,0.6001929,0.40243408,0.23618884
30,'relevant','0-1 year','boyfriend/girlfriend dating','low','no','no','no','no','no','no','no','no','no','no','no','no',18.0,20.0,30,180,220,part3A,relationship_advice,4/28/2023 7:35,Long-Ad6536,should I (f18) leave my bf (m20) over his behavior for the past few months?,"okay to start off, Iï¿½m in school still (graduating soon) and he has a well paying job. Weï¿½re at different points of life even if our age gap is just two years. In no label relationship for a few months. Just to clarify, outside of argument he treats me well.

Buckle up. Itï¿½s a lot.

So we had a bad argument last week and a few nights ago had a call about it just to talk and see what to do from there. Between that time I asked for a break so thatï¿½s what the few days are for.

I texted him around maybe at 11:50 am and he left me on read for about 10 hours, I was worried and upset so I called him. He picked up and he said he was with Josh (theyï¿½re planning on renting a place together so they were talking about the lease/money). He told me he would call me back but I just hung up since I was tired already. 

I think about an hour later he called and asked me why I hung up, I admitted that I was upset at him for leaving me on read and said it wouldï¿½ve been great to have a head ups (for the next time as well).

He apologized for being busy but then got upset when I was still upset. I explained that I understand why but it doesnï¿½t mean Iï¿½ll go right back to how I was before I got upset instantly. Then the argument escalated and it was a lot so hereï¿½s the rundown.

- basically I blew up on everything I was upset at (even before this moment). Something he said made me feel triggered and i felt like I was crazy for wanting bare minimum when it comes to boundaries/comfort. We had this convo months ago when I explained how when I vent/rant, I would prefer him not to put his experience to try to relate to me to comfort me.

Ex. I would say that someone would be very rude to me and he would say something along the lines of ï¿½oh I remember when someone was like that to meï¿½. I hated that, I told him before that a simple oh wow that person sucks would help me feel better.

- other things Iï¿½ve mentioned is how he said the b slur for Hispanics/etc a while ago and how he wasnï¿½t really taking himself accountable how he canï¿½t say that slur. Heï¿½s German/Native American btw but looks fully white.

Things he has said during this argument:
- ï¿½Iï¿½m not racist or homophobic because I have a ton of gay and Hispanic friends! Also Iï¿½m bi!ï¿½ (After I called him out for displaying racist behavior in saying the b slur. Not saying he is racist but that his behavior was )
- ï¿½Iï¿½m human, I make mistakes and Iï¿½m slow. Just keep reminding meï¿½ (I already mentioned 5-6 times I did not want him explaining his experiences after Iï¿½m venting.)
- ï¿½you can tell Iï¿½m part Native American, I have brown hair and am hairlessï¿½ (??? Do I need to explain this?) - he applied to a N.A scholarship when he was younger and got offended they asked for a DNA TEST. I told him anyone could have brown hair and be hairless. That they had the right to question bc he looks white.
- ï¿½if your ex is so perfect, maybe heï¿½s the one for you.ï¿½ Idk why he brought my ex up .
- ï¿½if youï¿½re asking for a break then I refuseï¿½ (at the end he said if I really needed that break then fine.)
- ï¿½I donï¿½t get why you want to end things over something so smallï¿½
- etc.

CURRENTLY:
We had the call after that argument and here are key points bc it also escalated:
- we both apologized 
- I was crying asking why he couldnï¿½t respect my boundaries (labels/vent situation)
- he said he would not change for anyone and that I was just one person. He can accommodate but not change.
- he said I was stuck on the past and need to move on from past issues. (Race issues. Iï¿½m Asian so I wanted him to listen to me when it came to racist behavior)
- he tells me that he doesnï¿½t need to learn from lessons especially from me (idk what that means.)
- he tells me I donï¿½t need to keep reminding him (hypocrisy when he told me to do that)
- kept dismissing how I felt and shown no reaction to me crying.
- I asked why it was so hard to stop doing something when I said it made me uncomfy before
- I told him that he drives me nuts for thinking Iï¿½m crazy for being upset.
- I said that actions matter and it doesnï¿½t seem he like wants to change for the better.

Iï¿½m not sure what I can do to move past this. I feel that my concerns are valid but should I leave over this? I just need advice on what to do.
 
TLDR; me and my partner (m20) had a bad argument and we had a call follow up after a break to reflect but partner shows no signs of changing so Iï¿½m reconsidering the relationship out of stress. However unsure of what to do.",20,2,2,1.0,0,/r/relationship_advice/comments/131ku0x/should_i_f18_leave_my_bf_m20_over_his_behavior/,False,0.09394901,0.008556974,0.04892669,0.03335018,0.005956655
31,'relevant','0-1 year','friends','low','no','no','no','no','no','no','no','no','no','no','no','no',22.0,25.0,31,181,43,part3A,relationship_advice,4/29/2023 2:33,Wildlifefr6,I (f22) asked a guy (m25) in my friend group on a date. He said yes but never texted me again.,"I asked a guy out after our group took a weekend trip together. It went so well and I really enjoyed hanging out w this one guy. I couldnï¿½t tell if he had a thing for me or not so I let it go till the trip was over. 

Then I texted him to see if he wanted to go on a date. He said would love to, but then he never answered after that. No context or idea why it happened. He texts in the group chat we are all in, so heï¿½s doing it intentionally. 

I am so pissed off about it because we are all suppose to hangout in this friend group. Now I donï¿½t want to be around him. Iï¿½m considering just leaving the group but I donï¿½t want him to win this one. I try to be the bigger person and not let things like this get under my skin but Iï¿½m human. If he wouldï¿½ve said no I couldï¿½ve accepted that and moved on as friends, but now itï¿½s just weird. 

So how do I handle this situation? I could ask him what happened or why he didnï¿½t just say no. Iï¿½m expecting the answer to be something I donï¿½t want to hear, and considering we havenï¿½t talked since I donï¿½t want to end off the conversation on a bad note. I will definitely see him again. We go to the same gym and itï¿½s a small town. 

Td;lr- I asked one of the guys in my friend group out on a date. He said yes but then never texted me after that. We are still in the friend group together, but now Iï¿½m pissed at him. I never want to talk to him again but I know thatï¿½s not being the bigger person.

Edit: for fear of how this might sound I didnï¿½t add it. Me and the other guy in our friend group have a situation going on where we hangout and occasionally will have a make out sesh afterwards. Itï¿½s nothing more than that and friends who have fun surfing and climbing. I cut it off when I figured out I liked one more than the other. The situationship guy also knows I had a thing for the other. This is the only reason I can think of that I would understand why he acted the way he did. Thing is I have no clue how he would know. The group has only been together maybe 3 weeks now.",9,2,2,1.0,0,/r/relationship_advice/comments/132h02n/i_f22_asked_a_guy_m25_in_my_friend_group_on_a/,False,0.21508642,0.009592636,0.26735115,0.06494803,0.015857628
32,'relevant','1-3 years','boyfriend/girlfriend dating','low','no','no','no','no','no','no','no','no','no','no','no','no',27.0,33.0,32,182,296,part3A,relationship_advice,4/27/2023 22:18,Anonymous4050,My 33m boyfriend won't respond to my 27f texts?,"So I am 27 (female) and he is 33 (male). My boyfriend and I are long distance and have been for almost 2 years. We have seen each other in person before, and he told me he would help me move to him next month. Problem is he likes to read my messages and no respond for hours and sometimes a day at a time. This happens frequently and when I bring it up, he always has some excuse as to why he didn't respond. I've explained that it makes me anxious and even told him if he doesn't want us to be together then he should tell me. He will still say that he does want me, and that he just hates being on his phone all the time. There are times I will call him though 3 or 4 times a day and he will go ghost until the next day. I'm not sure what to do anymore?",13,0,0,0.5,0,/r/relationship_advice/comments/13198bd/my_33m_boyfriend_wont_respond_to_my_27f_texts/,False,0.10089093,0.010757755,0.073529124,0.028832749,0.022590388
33,'relevant','0-1 year','friends','low','no','no','no','no','no','no','no','no','no','no','no','no',24.0,58.0,33,183,66,part3A,relationship_advice,4/29/2023 0:59,ThrowRA_9666,F24 very friendly with M58 coworker. Perspective?,"I (F24) became close to my male colleague who is over twice my age. I first asked him for his view on something, fast forward a few months and we are close.

It began pretty innocent but now this coworker has a habit of playfully teasing me. Just about every time he sees me, he is hardcore teasing me and we are often engaging in banter. *I give it back* or make a face, I've been enjoying it. 

Lately, he has been poking me when he walks by. Nudging me when I make a silly comment. He engages in eye contact, is close, does what I ask if needed. He ""jokingly"" claims he is in charge of me, although we are in equal roles. He also will make little innuendos at times. We also text here and there but I am usually initiating it.

But this coworker will go from hardcore banter to randomly mentioning his wife and his age, but then he will get back to the teasing. I am trying to figure out if this is entire thing is generational and I am just viewing it wrong, if it is friendly, or if this is just hardcore flirting and my gut is right?

TLDR: male coworker twice my age teasing me, nudging me, being there for me when needed (I give it back)...but will randomly mention his age and wife. Is this flirting or a generation thing? Perspective?",15,1,1,1.0,0,/r/relationship_advice/comments/132f3ki/f24_very_friendly_with_m58_coworker_perspective/,False,0.25462922,0.02803385,0.22693542,0.16195811,0.034300596
34,'relevant','3+ years long','boyfriend/girlfriend dating','low','no','no','no','no','no','no','no','no','no','no','no','no',24.0,23.0,34,184,155,part3A,relationship_advice,4/28/2023 16:55,Humble-Time-6634,[24F] [23M] my bf wants to break up because I found his friend from the gym attractive,"My bf and I have been together for 3 years. We do long distance, Iï¿½m a nurse and heï¿½s going to med school. He is my first everything (bf, sex, etc) he made a clear boundary at the beginning of the relationship of loyalty and honesty and I thought I was doing this, well turns out Iï¿½m oblivious and an idiot. His friend from the gym we met at parked by me one day and I noticed that he stared at me in the gym. This made me feel confident because I found him attractive, but I never wanted anyone but my bf and I would never cheat. I found where he lived on accident (small town), parked in a spot at the gym where I would see if his car was there, thought about sex, marriage, attached his last name, kids, imagined walking in his house with him, etc. but it was all mindless and simple thoughts. This went on for a year and a half. My bf freaked out when I told him and said it was extremely disrespectful that I would look in the gym to see if another guy is staring at me everyday and said look at what it lead to. I never wanted anything with the gym guy and never thought about leaving my bf for him. It was just consistent and got to me, it made me feel pretty and I enjoyed the validation. But heï¿½s now trying to break up and says I wasnï¿½t being loyal or respecting him when heï¿½s not around. I truly had no idea what I was doing and never stepped back to analyze my thoughts or actions. I was just living my life and thought I was being a loyal girlfriend. He told me I was unaware and had a selfish mindset because I didnï¿½t consider how I was making him look or how heï¿½d feel and that he doesnï¿½t look at me the same anymore. I am so confused and donï¿½t know if this is fixable but I wanted him for life.

I wanted his friend to think my butt looked good and liked that he stared at me, weï¿½d make eye contact every single day but I wouldnï¿½t stare, I thought it was nothing truly.

He keeps saying I for sure had feelings for him off a stare alone or I wouldnï¿½t have done all these things, but I am just curious and I was curious because he was attractive but I never ever felt anything for this gym guy and I wouldnï¿½t have ever left my bf for him",68,0,0,0.38,0,/r/relationship_advice/comments/1321sd1/24f_23m_my_bf_wants_to_break_up_because_i_found/,False,0.37751234,0.012596053,0.36225098,0.2679134,0.037909906
35,'relevant','3+ years long','partners/married','low','no','no','no','yes','no','no','no','no','no','no','no','yes',35.0,39.0,35,185,212,part3A,relationship_advice,4/28/2023 9:48,heather-ashley,My (35f) husband (39m) and I are constantly fighting and I don't know how to rectify it.,"So I have been trying to engage more on my relationship because I am a busy person and i wanted some more husband and me time. I'm currently focusing on our son (6m) because he is behind in school and reading. I am in my final stages of my thesis for my masters. I am leading multiple projects at work and I'm up for a promotion. I know this is straining on my relationship so I wanted to do something with my husband. 

So thos leads to our issue. My husband is into DnD and he really loves to be the DM. I found a couple that wants to play and never had an opportunity, and  I have always wanted to play but I too never had the opportunity. So I thought it was a great idea to do this and told my husband. Fast forward to this week, he is getting us all prepared for Saturday to play and all we have been doing is fighting. It started Sunday and with my back story of my character.  He asked for it in a certain way (point form) which I gave to him but then he wanted me to elaborate more because there were holes. I thought that is what he wanted because thats what he asked for. And this led to our first fight. I was trying to understand what he meant by holes and try to understand what the expectation was for DnD. Then, he says I don't like when someone was poking holes into my story. He starts going point by point (slowly talking to me) not even identifying the hole in the story. I had to ask some questions because i didnt understand what he was saying (All I'm trying to understand is what to add to the story). He says ""wow you really dont like when people poke out holes in your story.""  I try explaining and start getting upset and he dominates the conversation and i just go quiet. 

The real issue with our fight is how he tells me feed back. It's very condescending. The best way I can explain it is if I had a typo like ""bear naked"" and I meant ""bare naked"", he would say things like ""what are you trying to say you don't have any clothes on or are trying to talk about bears."" (Sarcastically) I used to ask him to review papers but it's so bad that I stopped. I go to my other professional friends and let them give me feedback. 

 Last night,  we had yet again another character back story fight because he deleted everything I had and emailed me saying ""it's your story"". He said what was written all came from him (which isn't true). I finally become emotional because all that work is gone and I did tell him that ""I wish I never agreed to play."" And he was like ""I knew it, you never wanted to play in the first place."" I said no, I told him I feel this way because it has created all this fighting. Then he said to me, I said ""wish"" and  he even said that I don't understand the English language and I use words incorrectly. I tried explaining I used the word just fine, and it's been the process of creating a character which has been really hard. He said its just a board game and these fights are stupid. I did agree with him on that. I have told him repeatedly that I'm nervous (im out of my comfort zone) and I don't know what I'm doing. I was trying to ask questions to better understand what he was saying, which started the fights. Honestly, I'm disheartened.  He now has deleted everything I had on my character. I'm so confused about what to do Saturday. I don't even know what to do about our relationship.  If we can't even survive DnD, then what are we doing. 

I would appreciate any advice!  (Even with DnD!)",12,6,6,1.0,0,/r/relationship_advice/comments/131n14w/my_35f_husband_39m_and_i_are_constantly_fighting/,False,0.05131592,0.007857903,0.054938845,0.017088935,0.01087737
36,'relevant','3+ years long','boyfriend/girlfriend dating','low','no','no','yes','yes','yes','no','no','no','no','no','no','no',22.0,23.0,36,186,260,part3A,relationship_advice,4/28/2023 3:25,Confection_Sure,(F22)Iï¿½m not sure what to do anymore with my boyfriend (M23),"Iï¿½m not sure what to do anymore. My boyfriend and I have been together for almost a year now but we have been friends before dating for four years. Lately itï¿½s been getting worse, we have been fighting over the tiniest things and always seem to have big fights over the same things. He says that im never there for him emotionally and i make it about myself all the time. I intaked what he told me and adapted to his request. Iï¿½m trying to be more attentive and show that i listen and care more but that doesnï¿½t seem to be enough. Now i ask him if he is okay too often and donï¿½t seem to comfort him the right way. I try my hardest to find different way to comfort him and show him that i care for him and his problems but they donï¿½t seem to work for him. I ask him to try and understand my point of view in fights and why im upset over him not telling me when heï¿½s upset or even why im upset. Whenever i tell him im upset with him or something he did made me upset or annoyed he takes it in a very negative way and starts to blame himself. Am I missing something?",1,1,1,1.0,0,/r/relationship_advice/comments/131g9iw/f22im_not_sure_what_to_do_anymore_with_my/,False,0.07687678,0.008945347,0.07611542,0.023221988,0.010063417
37,'irrelevant','0-1 year','separated/divorced','low','no','no','no','no','no','no','no','no','no','no','no','no',1.0,1.0,37,187,84,part3A,relationship_advice,4/28/2023 23:49,tiedye_dreamer,(25M) found out my BF (28M) got lip fillers and injections and I donï¿½t like how they look,"ï¿½Background on us: 
My boyfriend and I have been dating for close to 2.5 years now. Iï¿½m definitely the more open one, the outgoing one, the talkative and cleaner one of the bunch. Heï¿½s definitely more elusive and harder to read, doesnï¿½t always open up easily and is probably the more hard-headed one in our relationship. In the course of our relationship, Iï¿½ve learned that heï¿½s one to definitely be a bit more secretive and tougher to get full details from; however, this isnï¿½t an impossible wall to break down - I can tell when heï¿½s having a bad day, when he hasnï¿½t eaten, etc. And when Iï¿½m able to sus him out, he comes clean. We have a great trust bond, and more often than not we have faith in each other to be clean and open with each other. He never lies to me, but he never really just talks openly as much as I do about things unless I know EXACTLY what to ask (which is hard when youï¿½re not always a mind-reader!)
I love him dearly, even if heï¿½s a pain in my ass. And even on his bad days, I love that he still gets me and understands me, and even if we fight weï¿½re able to make up and never go to bed mad at eachother. Heï¿½s my rock! Which is why Iï¿½m having a hard time with this issueï¿½

ï¿½The Problem:
Last week my BF took a Friday off from work to go see his doctor for a ï¿½lip flip consultationï¿½. I knew he was interested in having them checked out to see what injections could look like, and honestly was okay with a small teeny-tiny botox injectionï¿½ however, when I come home that evening, his lips are HUGE. He got more than double the recommended botox for an initial lip-flip and it didnï¿½t help they were additionally swollen from the injections. Heï¿½s always been insecure about his upper lip, saying that it was too small and thin. But I always reassured him they looked just fine and that I love him for his lips - itï¿½s the face I fell in love with! So when I come home and see his lips almost double the size they used to be, it started to alter my perception of him. He told me he was getting a small injection and then I find out later heï¿½s done nearly double that. And even when the swelling went down, theyï¿½re so much bigger than what I was used to.

In complete honesty, Iï¿½m happy heï¿½s happy but Iï¿½m worried that this euphoric feeling for him is leading to more body dysmorphia as heï¿½s stated he wants to get cheekbone filler and a nose jobï¿½ and I can tell heï¿½s not joking.
This isnï¿½t the face I fell in love with, and itï¿½s not really feeling like the man I fell in love with. Iï¿½m not sure whatï¿½s going on with him but itï¿½s beginning to turn me off.

Iï¿½m not judging him for wanting to be who he truly is, but Iï¿½m also not quite sure how to go about this now in our relationship and potentially in the future if heï¿½s seriously considering MORE facial alterations.

Reddit, what do I do?",3,2,2,0.75,0,/r/relationship_advice/comments/132dlw4/25m_found_out_my_bf_28m_got_lip_fillers_and/,False,0.063423134,0.010628296,0.072882555,0.022512967,0.016862517
38,'relevant','3+ years long','partners/married','high','yes','no','yes','yes','yes','yes','no','no','no','no','no','yes',32.0,32.0,38,188,101,part3A,relationship_advice,4/28/2023 22:18,Vee1013,"F-32, M-32, together 12 years.","My husband tells me no other guy will ever want me, only ugly guys or losers. 
Iï¿½ve been with him since I was 18, right before I found out I was pregnant, he was not ok with me having guy friends and eventually even female friends. Iï¿½m now in my early 30ï¿½s. We still have only one child together. Any advice on why a guy would say such hurtful things to his wife? I have thought of leaving him but he has nowhere to go and I donï¿½t have the heart to kick him out to the streets. He has no family. He only has my son and I. 
I feel like he knows I am too nice and will not do it. It sucks to be treated this way. He even taunts me and says I will not kick him out.",18,2,2,1.0,0,/r/relationship_advice/comments/132bj5p/f32_m32_together_12_years/,False,0.37458646,0.122295745,0.27882218,0.40243408,0.11047905
39,'relevant','1-3 years','boyfriend/girlfriend dating','low','no','no','no','no','no','no','no','no','no','no','no','no',18.0,18.0,39,189,248,part3A,relationship_advice,4/28/2023 4:43,ThrowRAcrochetc,My(f18) boyfriend(m18) had started this journal exchange idea but forgets to give it to me and now no longer writes.,"Weï¿½ve been together for about 1.5 years. And a while ago we had this issue where he struggled to meet my needs and it led to many arguments. We persisted and it led to him deciding to start a journal together. He would write stuff in it one day and give it to me the next. We could respond to each other or write about anything but the whole idea is to give it to each other back and forth. This was working well for a week until he starts forgetting to write and then forgetting to give me the book. Itï¿½s now been months since he has it and heï¿½s completely forgot about it completely. I guess iï¿½m not hurt by that as much but now itï¿½s led to other stuff. Iï¿½m always constantly reminding him to do this and that. I get heï¿½s very forgetful, but after days of telling him to do his work- I got tired of having to be the one to remind him. And it leads to him complaining in the end on howï¿½s he not doing well in class. And reminding him about how he should take me out on a date once a while. I havenï¿½t been on one since valentines. Heï¿½s told me he would bring me on a date but he never went through with it. I know he loves me, but sometimes it feels like he doesnï¿½t want to put in the effort. Ive mentioned this to him before, and he knows he struggles with giving me a romantic side of him from time to time. Heï¿½s gotten comfortable with our relationship and I just want to feel a little special. I donï¿½t know where this post is going, just wanted to vent:/.",2,1,1,1.0,0,/r/relationship_advice/comments/131hsfw/myf18_boyfriendm18_had_started_this_journal/,False,0.0665887,0.008608758,0.026180768,0.02982438,0.00588266
40,'relevant','3+ years long','separated/divorced','low','no','no','no','no','no','no','no','no','no','no','no','no',25.0,29.0,40,190,281,part3A,relationship_advice,4/28/2023 0:48,MammothBase3487,I(25F) went to go see my ex(29M) last weekend for the first time in over 2year. It was long distance and toxic.,"We dated a little over a year, we did long distance but I would frequently fly over to Ca for a couple of days and almost every month. He only visited me twice. I called it quits because things became to overwhelming me to deal with, I felt cornered and just couldnï¿½t deal with being sad but I never felt the way I felt towards him, I really loved him so it was hard for me when we called it quits. I mean within those two years we still kept in contact here and there and at first it was just heartbreak and just then I started to pick and choose when I would want to keep speaking to him until I found someone else for a temporary amount of time but I still talked to him once in a blue moon but phone calls only. Recently I had the opportunity for some vacation time and through out the years we slowly ï¿½moved onï¿½ and we just would laugh and joke on each other like how we were at the beginning and kept it as a ï¿½friendshipï¿½ and we would joke about seeing each other. So when I had the time and randomly called him if heï¿½s be down to see each other and he was up for it and I definitely was. So after months of waiting it finally happened last weekï¿½ I went in with an open heart, clear mind and with no intention or expectations and had my boundaries place. The trip turned out to be such good time and we talked about everything that had happened. Now that Iï¿½m back home certain feelings and past trauma has come and we were talking frequently after I got back home and now we havenï¿½t said a word to each other in a few days .",1,2,2,0.76,0,/r/relationship_advice/comments/131cvuh/i25f_went_to_go_see_my_ex29m_last_weekend_for_the/,False,0.04290464,0.008259222,0.04592061,0.017872108,0.006992595
41,'relevant','1-3 years','boyfriend/girlfriend dating','low','no','no','no','no','no','no','no','no','no','no','no','no',21.0,21.0,41,191,194,part3A,relationship_advice,4/28/2023 12:20,andrlndl78542,I (21F) am so confused about my relationship with my bf (21M),"So my bf is the lone wolf type, he loves being alone, doing his own stuff whatever. Iï¿½m an anxious attachment style and for a long time I didnï¿½t want to accept that he was avoidant. Anyway, he always wanted to be with me, see me or have me around si it soothed nu anxiousness. However, lately heï¿½s been acting a bit too comfortable (weï¿½ve been together a fa years) and in my state of desperation and insecurity, I obviously listened to all the relationship coaches there are out there and I matched his energy and didnï¿½t answer straight away, didnï¿½t call him as much, took time to myself, stopped staying at his etc. But to my surprise he didnï¿½t take it as a sign I feel a bit fed up and acts actually fine with the fact weï¿½re taking more space. What can I do??? I was convinced it would work. And Iï¿½m fed up of all the tik-toks with ï¿½how to make him obsessed againï¿½??????",7,0,0,0.5,0,/r/relationship_advice/comments/131q3pk/i_21f_am_so_confused_about_my_relationship_with/,False,0.11192002,0.008712323,0.10240069,0.033019636,0.012240025
42,'relevant','3+ years long','boyfriend/girlfriend dating','low','no','no','no','no','no','no','no','no','no','no','no','no',22.0,22.0,42,192,86,part3A,relationship_advice,4/28/2023 23:37,ThrowRAawayChri2022,I (f22) missed/ignored all the signs my bf (22m) was in a rough place and feel like Iï¿½ve failed as a gf,"
Me and my boyfriend have been dating just over 4 years now. He makes me so incredibly happy I find it hard to find the words to express it. 

We were pretty much each others first everything, I feel almost as though Iï¿½m living a fairytale. Weï¿½ve both been working long hours at new jobs the past couple of months but he still makes time for me whenever Iï¿½m feeling down. Always there to support me. He does struggle to let me do things for him though or talk about his emotions, whilst I struggled with this originally I accepted a whole ago that thatï¿½s just him & stopped pressuring to share with me. I now regret this so much. 

The last month I noticed he seemed increasingly distant, would just stare into space whenever he wasnï¿½t actively talking to someone. Rarely smiled, seemed distant during sex and had trouble finishing a few times. Obviously I asked if he was ok or wanted to speak about anything during this time but he kept fobbing it off as he always does. Saying heï¿½s fine. 

Well earlier I finally sat him down and gave him a bit of a speech about how Iï¿½m worried about him, that he can always tell me anything at all, that He can trust me, Iï¿½ll support him whatever. Weï¿½re a team and I want to be there for him as he is for me. He just sat in silence whilst I rambled on, almost pleading with him to let me in. 

Once I was done we sat there for a min or two doing nothing before he just started crying (Iï¿½ve never send him cry before). For a few seconds I was too shocked to do anything. I almost couldnï¿½t believe my eyes. I pulled him into my chest and just held him tight as he kept crying. Once he calmed down enough to speak he said he was sorry. I told him he had nothing to be sorry about, I begged him to talk to me. What he said broke my heart. 

He explained how heï¿½s so tired, so so tired, all the time. Not just physically but mentally too, he finds it hard to find the motivation to keep going. He also mentioned
That heï¿½s not made any friends at his new job and that heï¿½s really lonely, sadly he hasnï¿½t really got any friends outside of work either. He said that Iï¿½m the only good thing he has & heï¿½s terrified that one day Iï¿½ll leave. 

I didnï¿½t even know what to say. I was racked with guilt.  I still am. This boy supports me 100% in everything I do, he never fails to pick me up when Iï¿½m feeling down, itï¿½s almost like he can tell when Iï¿½m sad. Any problem I have heï¿½ll make it his own and save me. Yet i canï¿½t even tell when heï¿½s that fucking miserable? What kind of girlfriend am I? Weï¿½re meant to be a team and Iï¿½ve been so absorbed with my own issues, which are minor in comparison,  Iï¿½ve neglected his and I feel so guilty. Before anyone says, itï¿½s on him
To let me know when heï¿½s down. I knew he Struggled to talk about that stuff yet i still didnï¿½t push when he fobbed the questions off. I still donï¿½t know what to say to him. I can hardly look at him in the face Iï¿½m so ashamed. Earlier I found myself crying just thinking about him. Itï¿½s truly heart breaking. But then I find myself questioning if itï¿½s even ok to cry about that? It wasnï¿½t in front of him but still am I again prioritising my own feelings? All I did that night is hold him in bed whilst he cried, rubbing his back and telling him how much he means to me until he fell asleep. I know Iï¿½m going to have to change my approach but how? I donï¿½t want to suffocate him but I also want him to be comfortable being vulnerable with me so I can support him as he does me. 



Tl;dr too self absorbed to see how hard of a time my boyfriend was having

Edit: please donï¿½t waste your time sending me nasty messages, Iï¿½m not going to reply.",4,2,2,0.75,0,/r/relationship_advice/comments/132dc9v/i_f22_missedignored_all_the_signs_my_bf_22m_was/,False,0.054037213,0.009929225,0.060951006,0.019999169,0.013144426
43,'irrelevant','0-1 year','separated/divorced','low','no','no','no','no','no','no','no','no','no','no','no','no',1.0,1.0,43,193,198,part3A,relationship_advice,4/28/2023 11:55,euphoricphase1,[20f] am just sick of my best friend [20f],"My best friend and I have known each other since we were 5, and actually best friends since we were 11. She recently got married, this isn't about how her constant chat about marriage is bothering me, no. Rather multiple things occurred during her wedding that now I am starting to hate her. 

1. Prior to her telling me she's getting married we weren't talking for 5 weeks. I am always on time and she's always late. When I say late I mean by at least 1 hour or more. This one particular day I came back from work and she had begged me not take a shift, so I didn't and as we were supposed to leave at 9am she texts me around 8am saying she's going to work. That was honestly my final strike with her,specially because I had made the plan like always (when I ask her to make the plans she's like no it's up to you. So food, location, transportation is always up to me.) Sometimes it would be great for her to take the responsibility of organising everything and when I word it out to her she says no and cancels our plans. 

2. Little fact, she has married someone through an arranged process, which was her dream since we were 6. She surprisingly called me one night, not apologising, and says I called you to tell you I am getting married. 

If I was her best friend she would've told me earlier right? Even before it was confirmed? 

Anyway, I put everything aside and was excited especially knowing it's been her dream to be married. I asked her of I could come to her dress fitting and all those little things and she never did.

3. On her engagement day, I was invited earlier than her high school friends. I didn't really know anyone , and I am not the type of person to go make conversation I am just not comfortable. But during the night it was an only girls party. Once everyone started to roll in she never really introduced me to anyone, and spent time talking to her high school friends. I spent the entire time in the corner of the kitchen and she just smiled at me once or twice. I ended up leaving feeling abolsute crap.

4. Then, for her henna night, I had asked her 3 timed if she could ask her mum if I was allowed she never bothered telling me. Though I know her high school friends were there.

5. On the day of her wedding, there was a religious ceremony then the reception. She only invited me from her friends for both events. Issue was I was sitting alone on a table for 10 people and it was so far back I could barely see anything. For 2 hrs I was watching Netflix while all the ceremonial things happened cause I knew no one. 

6. Her wedding speech, you would think she would tell her so called best friend to do the speech first but I was the last person she asked and I didn't. Yet, I had a speech ready for years and didn't want to tell her. Thought it could be a surprise. 

7. Her wedding video, we have enough photos together. But not a single photo of me and her were present but all her friends were. 

I left that night in tears. I don't want to seem like a a monster. It was her night, so I never said anything and left after her dance. It's not about importance, rather respect. That night it felt a slap on the face, because the way I was treated I would've never put her through a single percent of the humiliation I went through.

8. After the wedding, like 2 weeks later I put on a smile and listened to all her lovey dovey wedding stuff with her husband. Basically her romanticising her life. But if she ever called me it's because she's bored or she she needs emotional support. But if I ever need to talk to her she's busy or her husband is home so she can't talk.

9. Recently she found out she's pregnant. Which is great for her, it isn't exactly where I see myself in life right now so it isn't jealously. But she's 20, and her spouse is turn 30. I said just give it some time especially she barely knows the guys  but that's her decision. 

To be fair some might say it was a bad day or you are making it all about yourself. But she is a bad friend. And I know that, I wanted to call her so many times and tell her all those things but now that she's pregnant I'm afraid I'll say the wrong thing and cause her to have an emotional breakdown or even scarier a miscarriage. I don't want to be blamed for something. But she's been calling me and I know the moment I pick up I'll blurt out I'm done with being in the friendship, I am done with holding this burden if being your emotional support. 

I never wanted anything from this friendship other than someone whom I can share memories with, someone to talk to. But I can't always be the person so has to swallow all her emotional trauma and sit there like I am not going through nothing. Because the moment I say something is wrong she changes the topic about her.",1,1,1,0.66,0,/r/relationship_advice/comments/131pjiv/20f_am_just_sick_of_my_best_friend_20f/,False,0.16851899,0.009799767,0.16031636,0.056719027,0.033784978
44,'relevant','3+ years long','boyfriend/girlfriend dating','low','no','no','no','no','no','no','no','no','no','no','no','no',24.0,24.0,44,194,169,part3A,relationship_advice,4/28/2023 15:50,Repulsive_Basis_4946,My boyfriend (M24) said he hopes I (F24) die before him. Weï¿½ve been together 3 years.,How do I take that? We plan on being together for the rest of ours lives and he says he hopes I die first so I donï¿½t have to go through losing him. Iï¿½m really not sure how to take that.. is that sweet or rude??,13,0,0,0.33,0,/r/relationship_advice/comments/131yit0/my_boyfriend_m24_said_he_hopes_i_f24_die_before/,False,0.1104733,0.034422375,0.03915693,0.020256994,0.005105704
45,'relevant','unclear from the post','boyfriend/girlfriend dating','medium','no','no','yes','yes','no','no','no','no','no','no','no','no',20.0,22,45,195,158,part3A,relationship_advice,4/28/2023 16:51,anobrain0,what should i 20f do about 22m doubts,"For some context we had some communication issues and stuff that we could overcome, but the biggest thing rn is he feels distrust with me because i accidentally liked photos on insta last year he didnt like, but i got mad at the time because i told him i didnt like photos he was liking of women and their bodies and he still did it after talking abt it so i got mad bcuz hed get mad at me for doing what he did. but now its turned on me because its ok when he ï¿½mislicksï¿½ but when i say i genuinely didnt mean to he doesnï¿½t believe it and cant forgive me and i ï¿½made him insecureï¿½

So the past month we argued and talked about it all and he just wont listen to my side or explanation. So he broke up with me saying he needs therapy and space 3 weeks ago. No contact for a week. He comes back saying he didnï¿½t mean jt and wants to work on it together. Another week goes by together and he leaves again saying he needs therapy and to work on himself and maybe we talk after. I say nothing to the message. He comes back 4 days later apologizing saying he made a mistake and wants to work on his insecurities and our things together.

Now that were trying to work things out ive been trying to give him the space to figure his things out. But the past few days hes been saying things are distant and i say like what do you expect, we only talked a few times abt everything. But it turns out he believes nothing i say. and i said why come back to fix things if you know you cant trust me and he said he didnt think of everything deeply until after he reached out. I feel like a lot of the relationship focuses on his emotions and when i talk about mine he thinks im shifting blame.

i just want to know if im doing something wrong or if i go NC again. he express3 recently that he wanted to hear an i love you from me and i said i didnt feel comfortable saying it yet because i didnï¿½t want to sound manipulative but that ill be more affectionate if thats what hes comfy with. and now i expressed myself to him and my care for him and he said its just fake and that he believes everything i say less everyday. like he just left me twice and im supposed to know what he wants and no matter what i say or dont say he has a problem cause then im ï¿½being distantï¿½ even though his texts are one word response. i tried to help him but he said its too little too late as if we arent talking about year old problems we have. Like no matter what i do its just not enough. it feels like hes holding onto me so i dont move on or anything. thats one of the reasons he came back the first time, he didnt want anyone flirting with me. theres a lot more that happened but i just want to know if im valid for this and should start NC. I said it takes time and effort to rebuild trust to him and he keeps wondering why it feels distant and blames me.",1,1,1,1.0,0,/r/relationship_advice/comments/1321hi2/what_should_i_20f_do_about_22m_doubts/,False,0.23667802,0.012751401,0.22693542,0.07016616,0.051808115
46,'irrelevant','0-1 year','separated/divorced','low','no','no','no','no','no','no','no','no','no','no','no','no',1.0,1.0,46,196,223,part3A,relationship_advice,4/28/2023 7:28,ExcellentBee9688,I (20F) think my girlfriend (19F) is gonna break up with me,"Some background information before I start: I (20F) have been dating my current girlfriend (19F) for 5,5 months now. She is autistic and I have C-PTSD. She knows what has happened to me in the past, but can be forgetful at times due to overstimulation. We both a kpop coverists and dance together. 

Yesterday my 13 year old cat crossed the rainbow bridge suddenly. I was the one that found him and I had to get him wrapped in a towel. I gave him to my younger sister and dad, they took him to the vet. Apparently he had an embolism which paralysed him from the waist down and the vet told us that we could give him treatment, but there was a small change he would make it and the risk of another embolism was very high. The choice was very clear, but all of a sudden our cat was gone. This cat wasn't just any other cat to me, this cat has helped me a lot through my panic attacks, depressive episodes, etc. My girlfriend knows this. 

We had a filming session scheduled for a new cover we were going to make and I didn't cancel it. I did let everyone know what was going on and that I wasn't feeling well and I was not in the best mood. We were in a group of 6 for this cover.

A lot of things went wrong; it was cold, people were late, some people all of a sudden needed to be home early (we are all adults ranging between 19F-22F) and the original location we wanted to film at was occupied. I was the one communicating with the group and a lot of responsibilities fell on my shoulder, which I did not want to handle and I communicated that quite harshly to the rest, but in the end I needed to take care of a lot of things. 

I made a new filming schedule (from filming 3 hours to filming the cover under an hour) and chose a new location with our camera man (without her I couldn't do it). When I send it over nobody responded and left me waiting. I waited over 30 minutes in the cold and the first thing I heard was someone complain about the location. Nobody checked in with me if I was fine, except for our camera man. During the whole filming session more things went wrong and I got very agitated, but I kept it to myself. I did not want to start a fight in the middle of filming, I just wanted to finish this project. More things happened, like me falling down hard on the ground which broke my necklace and some people complained about that too due to the continuity of filming, since it's obvious we didn't do it in 1 take (which we never claimed to do anyways). 

After filming my girlfriend said to me she wanted to have a chat alone, but I walked away since I was super angry. She then grabbed me by the wrist and said she was very pissed off at me for the way I talked to her in our group chat. I tried to stay calm and walk it off instead of diving into the conversation, but when I saw them whispering and looking at me I snapped. 

I ran after them (they were walking and ignoring me) and I burst through their crowd and confronted my girlfriend. I was yelling in public about everything I had to deal with today. At some point she grabbed my wrist again, which is something you shouldn't do (it's a trigger) so I pushed her off. Her friends thought I was going to attack her so they all grabbed me and I tried to fight them off (only by getting myself loose, I did not hit a single person. Just tried to shake them off), but they all yelled at me and said I was aggressive and that I shouldn't hurt her, etc. It triggered me even more, which made me say very harsh things to my girlfriend and at some point she thought I was going to break up with her. I did not do it and told her I would never do that, hut I did not want to see her again because I was (and still kind off am) angry at her. 

During the conversation she said that A. She thought I was going to cancel and B. She understood what I was going through. I told her she didn't understand it, that she will never understand it and that she shouldn't pretend to understand what I'm going through. That throughout the day not 1 person except for the camera man checked in on me or showed me sympathy and that from her I know I can't get it due to her autism (which is a very ableist thing to say). After my rant I walked away and tried to calm down. 

I texted her multiple times to show her more of my perspective and when I fully calmed down I sent her a very long message where I fully explained what I was going through that day and an apology for some of the things that I said. 

Now she isn't responding anymore and I don't know what to do. These friends never liked me anyways and they always have had a big influence on her and after my outburst I'm afraid that they are going to convince her (and her mom as well) to break up with me. 

TL;DR: Yesterday I exploded against my girlfriend after a very shitty day and her friends were there. I'm convinced they are gonna influence her in breaking up with me and I don't know what to do anymore.",3,4,4,0.83,0,/r/relationship_advice/comments/131kpfr/i_20f_think_my_girlfriend_19f_is_gonna_break_up/,False,0.1269396,0.01698343,0.10611444,0.034562174,0.055673428
47,'relevant','3+ years long','boyfriend/girlfriend dating','low','no','no','no','no','no','no','no','no','no','no','no','no',22.0,23.0,47,197,226,part3A,relationship_advice,4/28/2023 7:15,New_Emu_1234,"We (Iï¿½m 22F) have been doing long distance for 1 year and are together for 4 years, should we (heï¿½s 23M) break up?","I (22F) met my bf (23F), 4 years ago on a school trip and instantly clicked. It felt like Iï¿½ve found my soulmate because I felt so safe with him, I could talk about everything even though I only met him for a couple of weeks. 

Itï¿½s been 4 years and the last 1 year we have been doing long distance. Iï¿½m in university while heï¿½s working as a digital nomad travelling around the world. The start of the long distance we called everyday, updated about everything and it didnï¿½t feel that thereï¿½s a distance between us. It just felt like covid lockdown times. But now Iï¿½m starting to feel the distance, Iï¿½m trying to build a career (tiktok education creator/digital marketing) to be able to do remote work so that I can travel with him but itï¿½s so hard and Iï¿½m also balancing school work and commitments to get internship etc. 

And when I get busy from school I donï¿½t text much and just shut myself out. And he likes small updates but to me Iï¿½m comfortable with we donï¿½t really txt for days if thereï¿½s no ï¿½updatesï¿½ and lately it just feel like a chore to talk to him. Because I truly have nothing to share. 

What do I do? Should I consider breaking up because I feel like Iï¿½m holding him back. Is it selfish to ask him to be okay with not getting updates?",3,3,3,1.0,0,/r/relationship_advice/comments/131khr9/we_im_22f_have_been_doing_long_distance_for_1/,False,0.05750068,0.008815889,0.078378424,0.01838776,0.011247349
48,'relevant','3+ years long','separated/divorced','low','no','no','no','no','no','no','no','no','no','no','no','no',20.0,22.0,48,198,153,part3A,relationship_advice,4/28/2023 17:13,Femaleproblems1,"20f, ex boyfriend 22m 4yrs relationship","Hi there, this may seen like a very unusual case but i desperately need help. Basically i ve had this 4 year relationship in which i noticed my partner had a very unusual smell of urine, sweat and any fluid that basically came out of him. He has a strange smell in his intimate area (like his skin) even after a shower. I ignored it until after about 2 years of relationship i started to get symptoms too. May i just say that i have never had a bad urine, sweat or any other fluid smell before all of this, neither do my parents have. I started to smell exactly like him, in my private parts, my anus, underarms, very weird smell on my skin when i sweat and bad urine smell. All of these were things that happened to him already and NOW i also have the same symptoms. I just wanna mention he was a virgin before me. I tested for stdï¿½s all came back negative. I wanna mention that his whole family have this strong b.o. could it be a disease or what should i test for? I cannot live like this i am a woman and i never in my life used to smell like this, i used to smell like flowers before him, we are now broken up and iï¿½m trying to find out what is causing all of this, please if anybody knows what it could be or has hone through something similar or knows what i should test for i need help, thanks for listening!",2,1,1,1.0,0,/r/relationship_advice/comments/1322x4r/20f_ex_boyfriend_22m_4yrs_relationship/,False,0.17371799,0.008893564,0.17241211,0.030375287,0.01087737
49,'relevant','1-3 years','boyfriend/girlfriend dating','low','no','no','no','no','no','no','no','no','no','no','no','no',20.0,28.0,49,199,272,part3A,relationship_advice,4/28/2023 2:37,smallpunchingbag,I (20F) think I want to leave my GREAT relationship with my bf (28M) to experience true independence,"I (20F) have been with my SO (28M) for over two years now. He's wonderful, we have such an honest, communicative relationship and truly love each other, but I feel like part of me is missing and I want to know who I am without his influence. 

I recently got opportunities through my school to travel (I'm an online student) and now I just want to keep experiencing. It built my confidence so much, and because of his financial circumstance/current job we just can't align on this front. He supports me in doing these opportunities but I can't help but feel part of me is remaining stagnant with him and I don't know if it's right on my behalf to feel that way.

There's 2 parts to this though....

I've expressed to him for a long time I'd like to explore opening our relationship and it was something we both eventually agreed would be okay but haven't acted upon...until lately. I'm interested in another man who I met through one of the school trips, we've been talking platonically for 5 months but after meeting in person we both confessed we had feelings for one another. 

I'm not by no means trying to leave my SO for this guy (he lives in another state) but the excitement I felt with the experience as a whole has me questioning whether or not I want to be in this relationship anymore, I just feel like I'm missing out on a lot of potential growth. 

Would you leave a great relationship for the potential of experiencing 'more' out of life?",8,1,1,0.6,0,/r/relationship_advice/comments/131f9o0/i_20f_think_i_want_to_leave_my_great_relationship/,False,0.026735162,0.007171778,0.026180768,0.012642908,0.006104646
